symbol,date 1,date 2,date 3,date 4,date 5,date 6,date 7,date 8,date 9,date 10,date 11,date 12,date 13,date 14,date 15,date 16,date 17,date 18,date 19,date 20,date 21,date 22,date 23,date 24,date 25,date 26,date 27,date 28,date 29,date 30,date 31,date 32,date 33,date 34,date 35,date 36,date 37,date 38,date 39,date 40,date 41,date 42,date 43,date 44,date 45,date 46,date 47,date 48,date 49,date 50,date 51,date 52,date 53,date 54,date 55,date 56,date 57,date 58,date 59,date 60,date 61,date 62,date 63,date 64,date 65,date 66,date 67,date 68,date 69,date 70,date 71,date 72,date 73,date 74,date 75,date 76,date 77,date 78,date 79,date 80,date 81,date 82,date 83,date 84,date 85,date 86,date 87,date 88,date 89,date 90,date 91,date 92,date 93,date 94,date 95,date 96,date 97,date 98,date 99,date 100,date 101,date 102,date 103,date 104,date 105,date 106,date 107,date 108,date 109,date 110,date 111,date 112,date 113,date 114,date 115,date 116,date 117,date 118,date 119,date 120,date 121,date 122,date 123,date 124,date 125,date 126,date 127,date 128,date 129,date 130,date 131,date 132,date 133,date 134,date 135,date 136,date 137,date 138,date 139,date 140,date 141,date 142,date 143,date 144,date 145,date 146,date 147,date 148,date 149,date 150,date 151,date 152,date 153,date 154,date 155,date 156,date 157,date 158,date 159,date 160,date 161,date 162,date 163,date 164,date 165,date 166,date 167,date 168,date 169,date 170,date 171,date 172,date 173,date 174,date 175,date 176,date 177,date 178,date 179,date 180,date 181,date 182,date 183,date 184,date 185,date 186,date 187,date 188,date 189,date 190,date 191,date 192,date 193,date 194,date 195,date 196,date 197,date 198,date 199,date 200,date 201,date 202,date 203,date 204,date 205,date 206,date 207,date 208,date 209,date 210,date 211,date 212,date 213,date 214,date 215,date 216,date 217,date 218,date 219,date 220,date 221,date 222,date 223,date 224,date 225,date 226,date 227,date 228,date 229,date 230,date 231,date 232,date 233,date 234,date 235
AAA,14.55,14.5,14.55,15.2,15.15,15.8,15.5,15.4,15.45,15.6,15.45,14.4,14.25,14.7,14.45,14.7,14.4,13.9,12.95,13.1,12.2,12.5,13.3,13.3,13.25,12.85,13.0,13.65,14.15,14.3,14.4,14.25,14.0,14.3,14.3,14.85,14.8,14.8,14.3,14.6,14.7,14.7,15.7,16.2,16.15,16.75,17.0,16.6,16.7,16.7,16.7,16.35,15.7,15.9,15.95,16.25,16.45,16.6,16.65,16.65,16.55,16.4,16.5,16.8,17.5,17.5,17.0,17.85,17.9,17.85,17.75,17.5,16.3,16.75,16.0,16.7,16.7,16.45,16.0,16.3,15.85,15.35,15.7,15.7,15.8,15.5,15.55,15.3,15.15,15.1,14.85,15.3,15.6,15.75,15.5,15.15,15.35,15.25,15.15,15.2,16.25,16.3,16.0,15.45,15.5,15.7,16.1,16.15,17.25,17.9,19.15,19.45,19.9,19.5,19.0,19.05,18.5,19.75,20.5,19.5,19.45,18.65,18.55,17.3,17.3,16.7,16.1,15.4,15.9,15.55,15.95,15.75,14.8,15.45,15.45,15.95,15.55,15.45,16.0,16.3,16.15,16.15,16.25,16.25,16.2,16.45,17.05,17.25,17.35,17.0,17.25,17.35,18.0,17.7,17.65,18.25,17.4,16.8,16.8,17.1,17.15,17.85,17.7,17.75,16.2,16.65,16.0,15.9,16.15,16.3,16.05,15.8,16.1,16.0,16.55,16.2,16.05,16.5,16.6,16.3,15.55,15.75,15.7,15.7,15.55,15.7,16.0,16.1,16.55,16.2,16.2,16.25,16.25,16.55,16.35,16.15,16.1,16.0,15.9,16.15,16.15,16.2,17.1,16.9,17.2,17.55,17.5,16.7,16.6,17.0,17.25,17.1,18.15,18.0,18.3,18.4,17.8,17.9,18.6,17.5,16.6,17.1,17.0,17.1,16.9,16.8,16.85,17.4,17.55,16.9,16.25,16.55,16.6,16.8,17.0
AAM,11.8,11.7,11.5,11.8,11.5,11.85,11.5,11.6,11.7,11.75,11.6,11.5,11.5,11.5,11.5,11.5,11.0,11.65,10.85,10.85,10.95,10.45,10.95,11.4,11.35,11.35,11.1,11.2,10.7,11.1,11.2,11.3,11.2,11.2,10.8,11.05,10.8,11.4,10.85,11.0,11.3,11.0,11.0,11.0,10.8,11.1,11.2,11.3,11.3,11.0,11.0,11.0,11.1,11.1,11.1,11.1,11.0,10.7,11.0,11.0,11.0,10.85,10.9,11.0,11.2,11.15,11.15,11.15,11.1,11.1,10.95,10.7,11.0,10.9,10.85,10.5,10.7,10.2,10.2,10.2,10.3,10.45,10.8,10.75,10.6,10.05,10.65,10.3,10.6,10.6,10.3,10.4,10.4,10.25,10.25,10.25,10.25,10.1,10.1,9.7,10.35,10.35,11.05,11.6,11.45,11.45,11.0,10.9,10.7,11.0,11.2,10.8,10.75,11.1,11.2,11.1,10.8,11.0,10.7,10.7,11.1,10.7,11.0,10.9,10.9,10.7,10.45,11.0,11.0,11.0,10.4,10.6,10.4,10.95,10.85,10.85,10.8,10.8,10.5,10.1,10.8,10.9,10.4,10.55,10.9,10.55,10.85,10.4,11.0,11.0,11.0,10.7,10.55,10.65,10.95,10.85,10.6,10.9,10.9,10.45,10.95,10.5,10.8,10.85,10.7,10.8,10.55,10.65,10.8,10.7,10.7,10.8,10.75,11.0,10.8,10.8,10.8,10.9,10.9,10.8,10.8,10.8,10.95,11.25,11.2,11.2,11.0,10.55,11.2,11.05,10.7,11.0,11.0,10.95,10.75,10.8,10.8,10.8,11.0,10.8,11.2,11.05,11.0,10.8,10.9,11.0,11.2,11.2,11.0,11.75,12.55,13.4,14.3,14.8,13.95,13.85,13.5,13.45,14.0,13.5,12.8,13.0,13.1,12.8,13.5,13.45,13.0,12.65,12.8,12.4,12.4,12.2,12.4,12.6,12.65
ABS,20.55,21.3,21.5,22.0,23.5,25.0,25.0,25.1,25.4,26.8,28.5,28.7,28.8,30.0,29.8,30.3,29.95,30.0,29.9,30.0,28.0,29.0,29.3,29.5,29.7,30.0,31.0,31.3,31.5,31.0,32.0,32.0,32.1,32.75,33.2,33.8,34.9,35.4,36.4,36.5,37.0,37.0,37.0,37.4,37.5,38.2,39.0,41.7,43.0,43.5,43.9,43.8,42.5,43.0,43.5,44.2,44.95,46.0,48.0,49.3,50.0,50.7,52.0,53.8,54.9,55.5,56.8,58.8,60.8,62.5,66.8,70.4,72.5,73.9,75.8,75.0,69.8,65.0,60.5,56.3,52.4,48.75,45.35,42.2,44.5,41.9,41.95,39.05,36.95,34.4,32.0,31.0,33.15,35.45,37.9,40.55,43.35,44.0,44.0,45.0,45.8,46.2,43.8,41.5,38.6,35.9,35.0,33.1,35.4,35.9,33.8,32.9,33.2,32.55,31.9,31.4,30.6,30.6,31.1,30.3,29.7,28.3,26.5,24.65,22.95,21.35,22.8,24.35,26.05,25.0,23.5,22.2,20.65,21.7,20.4,20.0,19.5,18.55,18.9,19.35,19.95,20.4,20.0,21.4,22.85,22.6,22.65,22.3,21.5,21.8,21.65,21.65,22.2,22.0,21.75,21.2,20.0,19.0,19.55,19.95,20.7,20.9,20.25,19.8,20.05,19.75,19.6,19.4,19.2,19.2,19.8,20.0,20.25,19.8,20.1,19.4,18.8,20.1,21.5,23.0,24.1,22.45,20.9,20.95,19.65,19.7,18.85,19.25,20.55,20.55,19.9,20.0,20.3,20.7,20.7,19.9,19.55,19.3,19.45,19.2,19.5,19.7,20.5,20.6,20.05,20.15,21.55,21.6,22.75,24.3,26.0,27.2,28.2,28.25,26.7,28.55,29.1,28.35,29.2,28.2,26.25,26.5,25.0,26.75,26.8,26.05,26.5,26.45,26.2,25.1,23.35,23.6,22.9,24.2,23.8
ACB,28.65,29.35,29.9,29.9,30.2,30.35,30.1,29.85,29.85,30.25,29.95,27.9,28.3,28.95,28.65,28.1,27.8,27.5,25.6,26.8,26.65,27.35,28.1,28.2,28.5,27.5,28.55,29.4,29.15,31.1,31.6,31.7,31.2,32.4,33.05,33.25,33.0,33.25,32.4,32.45,31.8,32.05,32.75,33.0,32.95,33.5,33.45,33.5,33.95,33.8,33.4,33.0,32.45,32.05,32.45,33.0,33.3,33.3,33.85,34.65,34.75,34.75,34.4,34.4,34.4,35.15,34.6,34.6,33.85,33.1,33.7,33.6,32.5,33.4,33.3,34.0,33.8,34.65,34.45,35.3,34.8,35.2,36.2,35.8,36.15,36.2,36.45,36.55,36.25,36.6,37.4,37.5,37.5,38.0,38.45,38.2,38.9,41.4,42.1,44.6,45.9,45.3,43.0,40.2,42.45,34.1,34.65,34.1,35.35,34.7,34.9,35.0,34.75,35.65,35.8,36.2,36.35,36.7,36.45,35.7,35.95,36.1,37.95,36.0,36.55,36.2,35.2,32.75,32.9,31.75,32.75,33.6,32.15,33.9,33.8,34.1,33.0,32.7,33.15,33.15,34.15,36.15,35.55,35.8,35.5,36.0,35.55,36.5,36.5,36.0,35.3,35.35,35.7,35.6,35.55,35.3,33.6,32.0,32.3,32.45,31.95,31.75,32.15,32.0,32.0,32.05,32.5,32.15,32.45,32.3,31.9,31.5,31.2,31.3,31.6,32.1,31.8,31.6,31.6,32.0,31.5,31.6,31.35,31.55,31.5,31.0,31.5,31.35,31.2,31.45,32.6,32.6,32.6,32.3,32.2,32.0,32.3,32.3,31.75,31.6,31.25,31.1,31.4,31.85,33.0,32.7,33.15,33.85,33.5,33.5,33.4,33.45,33.4,33.0,33.35,33.4,33.15,33.3,32.5,33.45,34.15,33.95,35.35,35.15,34.6,34.15,33.3,33.5,33.2,32.55,32.3,32.95,33.1,33.3,33.4
ACL,14.95,15.1,15.0,15.2,15.1,15.3,15.7,15.1,15.2,15.0,15.1,14.2,13.95,13.8,14.0,14.0,13.6,12.75,11.9,12.2,11.6,12.0,12.3,12.35,12.4,11.8,12.25,12.35,13.2,13.9,13.9,13.75,13.3,13.75,13.75,13.7,13.6,14.25,14.2,14.1,14.0,13.95,14.0,13.8,13.8,13.9,14.2,14.2,14.35,14.3,14.0,13.9,13.5,13.6,13.2,13.55,13.45,13.2,13.1,13.2,13.4,13.3,13.2,13.15,13.25,13.35,13.35,13.4,13.45,13.0,12.95,13.0,12.7,12.7,12.8,12.9,12.8,12.8,12.65,12.7,12.6,12.5,12.2,11.95,12.4,12.3,12.2,12.0,12.0,11.8,11.5,12.25,12.25,12.0,11.9,11.7,11.7,11.7,11.8,11.8,12.4,12.3,12.8,12.65,12.45,13.3,12.9,12.9,13.0,12.9,13.55,13.45,13.15,13.1,13.1,12.9,13.1,13.0,13.15,13.0,12.8,12.7,12.5,12.1,12.0,11.85,11.55,11.0,11.5,11.45,11.55,11.55,11.15,11.3,11.35,11.65,11.55,11.4,11.6,11.6,11.5,11.55,11.4,11.4,11.4,11.6,11.6,11.6,11.8,12.4,12.15,12.1,12.65,12.8,12.6,12.75,12.4,12.0,11.9,11.85,11.9,12.05,12.85,12.95,12.8,13.65,13.25,13.1,13.2,13.1,12.95,12.8,12.9,12.85,12.9,12.95,12.8,13.5,13.5,13.1,12.75,12.85,12.65,12.65,12.8,13.1,13.2,13.05,13.15,13.35,13.45,13.3,13.3,13.15,13.1,13.05,13.0,13.0,13.45,13.4,13.7,13.55,14.45,15.05,15.2,15.2,16.0,15.1,16.15,17.1,17.15,16.9,16.9,17.2,18.15,17.8,17.35,17.5,17.15,16.4,15.3,16.1,17.0,16.8,17.0,16.95,17.4,17.4,17.7,16.7,15.7,16.5,16.6,16.9,17.0
AST,57.3,57.2,57.2,57.0,57.2,57.8,59.7,58.6,60.0,59.3,59.5,59.4,62.9,62.5,64.0,63.4,61.4,61.0,56.8,58.5,56.0,56.7,57.0,58.0,58.6,57.5,58.5,59.5,60.2,60.4,61.5,63.3,62.0,63.0,63.9,63.9,64.0,65.2,65.6,64.6,64.1,63.5,63.6,63.1,62.7,62.1,62.4,62.3,62.3,62.0,62.0,61.0,60.8,60.0,59.3,60.0,61.6,61.5,62.0,62.2,60.5,60.5,61.5,61.8,61.7,60.4,59.9,59.6,58.9,57.5,57.0,57.2,55.5,56.0,54.6,54.0,54.0,55.4,55.0,54.2,53.5,51.9,50.6,51.0,51.8,51.2,51.0,48.2,46.0,48.5,49.9,49.9,50.0,48.6,47.9,46.5,47.0,46.65,46.35,46.2,47.35,47.5,47.2,47.15,49.0,50.9,50.3,51.2,51.0,51.4,51.2,51.5,52.2,52.4,51.9,51.2,50.0,50.7,51.0,51.0,51.8,51.4,51.6,51.0,51.0,50.3,50.2,48.1,48.25,48.6,48.8,48.9,50.4,49.0,50.0,49.0,48.5,48.5,48.0,47.95,48.0,48.0,48.5,48.55,49.1,49.8,49.85,49.2,49.2,49.7,49.65,49.45,49.2,49.0,48.5,48.85,48.0,47.7,47.7,47.6,48.25,48.75,49.8,49.5,49.35,49.3,49.4,48.5,51.8,55.4,55.9,54.3,54.1,54.1,54.5,54.3,53.7,54.0,54.3,54.3,54.2,57.0,56.5,56.5,55.6,55.5,55.5,56.4,56.6,56.9,57.9,57.6,57.7,57.8,57.9,57.8,57.5,57.5,56.9,56.1,55.8,55.3,55.8,55.1,54.5,55.6,54.9,54.5,53.8,54.3,54.9,54.5,54.8,54.4,54.4,56.0,54.5,54.6,55.4,54.0,53.6,54.0,53.4,54.0,54.5,53.1,53.1,52.9,55.0,53.9,52.4,53.4,55.0,54.0,53.5
CLC,33.0,33.0,33.2,33.9,33.9,34.0,33.7,33.9,33.35,33.8,33.75,33.5,33.0,32.0,32.9,33.0,32.0,32.95,30.65,32.3,30.35,31.95,31.95,32.5,32.5,33.0,33.0,35.0,35.0,34.9,35.0,35.4,35.6,35.75,37.85,40.45,43.25,46.25,43.05,41.0,41.8,41.5,40.1,40.1,40.3,40.0,40.0,40.0,39.8,39.7,39.0,38.2,38.0,37.0,37.9,39.9,38.4,38.4,37.0,37.5,39.0,38.5,38.6,38.5,39.0,38.2,37.8,37.75,37.5,37.6,37.8,38.0,37.5,38.3,36.6,37.0,37.3,37.6,37.9,38.2,38.1,37.5,37.5,37.8,37.0,36.0,36.0,37.0,36.1,36.7,36.8,36.25,36.8,37.0,36.3,36.0,35.85,35.6,35.9,36.1,36.9,37.2,37.1,37.15,36.6,37.0,34.7,34.1,34.2,34.3,34.1,34.0,34.0,33.9,33.0,33.0,33.0,32.9,33.05,33.5,33.15,33.0,32.8,32.5,32.05,31.5,31.0,30.15,30.85,30.85,31.5,32.0,32.0,32.0,31.65,31.9,32.3,32.3,32.2,32.0,32.8,33.0,32.8,32.5,32.7,32.7,32.3,32.5,32.6,32.95,33.25,33.0,33.1,33.0,33.0,34.15,34.3,34.45,34.2,33.6,33.6,33.2,33.5,33.65,34.1,34.6,34.0,33.4,34.15,34.05,33.95,34.0,33.85,33.9,34.0,34.3,34.2,34.5,34.95,35.0,34.3,35.0,35.75,35.75,35.25,35.4,35.4,35.4,35.1,35.0,35.0,35.05,35.05,35.45,35.25,35.0,35.7,35.3,35.6,35.7,35.65,35.7,36.0,36.5,37.5,38.9,39.0,38.4,39.5,39.0,39.0,39.05,39.4,39.6,39.7,39.8,39.65,40.5,39.25,39.4,39.35,39.5,39.5,38.0,38.1,37.5,37.55,37.9,37.9,37.85,37.8,37.7,37.8,37.8,37.5
CLL,30.9,30.7,31.5,31.5,33.5,31.5,31.4,31.2,31.1,31.9,32.0,30.0,30.0,31.0,32.0,31.5,31.0,30.0,30.0,30.0,29.0,28.3,29.95,30.0,29.0,30.0,30.0,30.1,31.0,31.4,31.0,31.0,31.15,31.0,30.5,30.6,31.0,31.5,31.5,31.6,32.0,30.05,30.25,31.7,31.0,31.0,31.4,31.5,31.7,31.7,31.65,31.65,30.6,30.6,31.0,32.0,31.9,31.9,31.9,31.85,31.9,31.5,30.9,31.5,31.0,31.0,30.65,31.0,31.5,30.8,30.8,30.5,30.55,30.5,31.0,30.6,31.0,31.0,29.55,31.1,31.0,29.6,31.0,31.0,31.0,30.5,30.6,30.9,30.75,30.7,31.0,30.6,30.8,31.0,31.0,31.0,31.6,31.6,31.0,30.8,30.75,30.5,30.2,30.1,31.0,31.0,31.0,31.5,31.5,31.0,31.0,31.0,31.5,31.2,31.1,30.9,30.9,31.0,31.9,32.4,32.8,31.6,31.8,31.0,30.8,30.8,31.3,30.0,30.0,30.0,30.0,29.0,29.85,29.4,31.0,31.0,30.9,30.5,31.0,31.0,31.0,30.3,29.5,30.85,30.85,30.7,30.9,31.5,32.35,34.6,35.0,34.2,32.9,32.3,32.0,32.5,33.5,33.0,31.7,31.7,32.9,33.05,33.45,33.35,33.7,36.05,35.0,34.2,34.75,34.6,36.7,39.25,38.55,37.8,38.25,38.45,38.35,38.55,39.1,39.0,38.5,38.5,38.85,36.85,35.65,34.55,34.0,34.5,36.0,36.0,35.5,34.95,35.0,34.7,34.7,34.5,34.2,34.2,34.2,34.1,34.3,34.6,35.35,35.4,35.25,35.05,34.75,34.75,34.65,34.6,35.0,35.9,36.35,36.0,35.7,35.7,36.2,35.9,35.6,34.9,34.15,34.15,34.3,34.6,34.65,34.5,34.4,34.3,34.3,34.1,33.45,33.5,33.25,34.0,33.65
CMX,18.15,18.8,18.25,19.1,18.7,18.8,19.25,19.2,19.2,18.9,18.5,17.25,16.5,17.4,16.95,16.9,16.2,15.25,14.2,14.8,14.15,14.3,15.05,14.95,15.0,14.0,14.5,15.35,15.4,15.65,15.6,15.6,15.2,15.2,15.1,15.65,16.2,16.75,16.1,16.3,16.95,16.95,16.65,16.9,16.75,16.75,16.55,16.6,16.6,16.4,16.2,16.0,15.55,15.4,15.15,15.5,15.55,15.45,15.7,15.75,15.7,15.6,15.6,15.8,16.15,16.2,15.8,15.7,15.3,14.9,15.1,15.0,14.2,14.45,14.05,13.8,14.05,14.0,13.6,14.1,13.85,13.55,13.4,13.75,14.0,13.8,13.8,13.45,13.4,13.5,13.8,14.75,14.85,14.2,14.05,13.8,13.9,13.8,13.7,14.15,14.8,14.55,14.75,14.3,14.3,15.3,15.4,15.2,16.2,15.7,16.4,16.15,16.0,15.95,15.55,14.7,15.1,14.95,15.35,15.1,15.0,14.85,14.3,13.95,13.95,14.1,13.8,13.0,13.4,13.4,13.65,13.55,13.15,13.4,13.4,13.45,13.3,13.85,14.0,13.9,13.7,13.7,13.5,13.3,13.3,12.45,12.8,12.8,12.7,12.55,12.45,13.15,14.0,13.75,13.85,14.8,14.8,13.8,13.15,13.95,13.55,13.7,14.35,14.95,15.15,15.25,14.3,13.8,14.15,14.2,13.95,13.75,13.8,13.9,13.95,13.6,13.6,14.15,13.85,13.8,13.3,13.4,13.35,13.55,13.4,13.95,14.15,14.3,14.9,14.4,14.3,14.25,14.4,14.4,14.05,13.95,13.95,13.7,14.2,15.15,15.4,15.75,16.0,16.0,16.2,17.3,17.5,16.3,17.4,18.6,19.55,19.0,19.35,19.0,19.85,19.6,19.0,19.2,18.9,17.7,17.2,18.4,19.65,21.0,22.4,22.4,21.55,21.5,22.3,21.0,19.55,20.9,20.6,20.75,20.4
CSV,29.1,28.7,28.6,27.8,28.1,28.7,30.7,30.3,30.2,30.25,30.8,28.7,28.3,29.3,29.0,31.0,31.1,30.0,27.9,28.3,26.85,27.1,27.85,27.85,28.6,27.9,28.2,29.0,29.9,29.9,29.7,29.7,29.4,29.4,29.4,30.0,29.9,30.7,30.15,30.2,32.3,33.0,33.0,32.7,32.4,32.9,32.3,33.1,33.1,32.8,32.7,32.6,31.0,31.0,30.4,31.0,30.8,30.7,31.0,31.1,30.8,30.7,30.5,30.2,30.75,30.55,30.0,30.2,29.5,29.0,28.55,28.15,27.5,27.85,27.05,26.7,27.0,27.2,27.0,28.0,27.8,27.5,27.5,27.4,27.55,27.0,27.3,27.65,27.1,27.1,26.75,27.0,27.2,27.2,27.2,26.9,27.2,27.7,28.85,29.1,28.9,28.2,27.85,28.0,28.0,28.0,28.05,28.55,29.2,29.0,29.3,30.2,30.05,30.1,29.5,29.0,29.05,29.0,29.1,29.1,29.1,29.1,28.5,27.6,27.7,27.75,28.6,27.95,27.6,27.3,27.3,27.55,26.8,27.2,27.25,27.55,28.4,30.35,30.3,29.45,30.8,30.45,32.55,33.3,33.45,33.5,32.85,34.9,35.5,34.0,34.15,34.25,35.0,35.4,37.2,39.5,39.0,40.3,39.2,38.9,39.7,41.3,43.95,45.9,47.15,46.1,44.5,46.0,46.1,46.5,49.0,52.4,53.6,53.3,57.0,60.9,65.1,69.6,64.8,60.3,56.1,52.2,54.2,52.8,56.4,55.0,53.3,50.0,51.2,51.1,50.0,50.8,50.7,51.3,50.5,48.0,46.8,46.8,46.5,44.6,47.7,49.9,48.7,47.8,51.1,54.3,55.8,52.3,54.3,57.8,57.5,56.0,56.8,55.3,53.0,53.6,55.0,55.5,53.7,50.0,46.9,49.4,48.5,48.9,49.1,50.4,49.8,50.5,49.0,47.5,44.25,45.6,45.85,47.0,47.9
DBC,58.5,57.4,58.0,58.0,59.4,57.9,57.5,59.8,63.0,63.5,61.2,57.5,57.8,58.6,58.0,57.0,53.1,50.0,46.5,47.65,45.0,46.95,49.0,49.0,51.9,49.0,50.0,51.5,53.8,54.0,53.5,52.5,51.4,51.2,52.2,52.2,52.8,53.9,55.5,54.9,56.1,57.8,58.0,57.9,58.0,59.4,61.8,61.4,60.9,60.9,60.5,58.5,58.4,58.2,58.4,58.9,58.6,58.1,61.0,60.6,59.7,58.8,59.4,58.8,58.1,58.1,56.9,57.5,56.2,57.0,58.0,58.6,56.2,56.2,53.8,52.6,53.7,53.7,53.2,56.0,57.2,57.0,56.9,57.7,57.9,56.4,55.5,53.8,53.9,54.0,53.4,55.1,56.0,56.0,55.4,54.0,57.7,60.9,61.4,63.5,64.6,63.9,64.1,61.6,62.9,57.0,56.1,56.0,56.0,59.9,61.2,60.8,62.2,61.6,60.2,60.3,63.3,64.2,63.6,63.1,63.4,60.5,57.7,55.0,55.4,55.6,55.3,52.1,52.6,51.1,53.2,53.9,50.8,51.8,51.0,52.2,51.5,53.2,54.3,55.0,55.1,54.9,54.0,53.5,53.7,54.2,55.5,57.0,57.2,56.1,56.1,58.0,59.2,58.6,59.4,60.3,58.5,58.0,57.1,57.8,58.5,59.8,63.2,61.8,63.6,62.6,61.5,61.0,61.5,62.0,61.2,61.3,62.9,62.5,64.7,65.0,64.0,64.2,64.0,62.4,58.4,59.5,57.6,57.4,56.0,59.2,58.8,58.4,59.0,58.6,56.8,57.2,56.8,57.0,56.8,56.4,56.1,56.2,56.8,57.5,58.5,60.9,61.4,61.0,60.2,59.5,60.8,59.5,59.7,63.8,66.2,65.7,68.0,69.4,69.5,68.1,68.0,68.4,67.8,65.0,66.0,70.6,75.5,75.0,76.8,79.5,78.3,78.0,78.2,74.9,73.9,75.2,76.2,76.4,79.5
DC4,10.55,10.6,10.9,10.9,10.7,10.65,11.35,11.8,12.2,12.0,12.4,11.55,11.5,12.0,12.45,12.05,11.9,11.5,10.7,10.6,10.2,10.2,10.7,10.6,10.7,10.25,10.3,10.7,10.7,10.7,10.8,10.9,10.7,11.3,11.0,11.0,11.0,11.0,11.0,11.5,11.8,11.95,11.9,11.9,12.1,12.2,11.95,12.05,12.5,12.5,13.35,14.25,15.0,15.1,15.2,16.25,17.35,18.3,18.0,17.9,17.5,17.0,16.8,16.55,16.3,16.3,16.3,16.0,16.05,16.15,16.8,16.75,16.5,16.3,16.0,16.3,16.4,16.7,16.45,16.2,16.4,16.1,16.25,15.95,15.95,15.75,15.8,16.2,16.0,15.9,16.0,16.3,16.3,16.0,16.0,16.0,15.85,15.85,15.4,14.8,14.6,14.95,14.8,14.6,14.2,14.4,14.7,14.6,14.55,14.9,14.6,14.5,14.4,14.5,14.7,14.8,14.75,14.6,14.6,14.3,14.35,14.4,14.4,14.5,14.5,14.45,14.0,13.5,13.5,13.4,13.4,13.5,13.3,13.5,13.5,13.5,13.5,13.6,13.5,13.5,13.6,13.7,13.7,13.75,13.7,13.6,13.55,13.6,13.5,13.3,13.1,13.5,14.4,14.7,14.9,14.6,14.0,13.75,13.7,13.4,13.55,14.45,14.0,14.0,14.0,14.7,14.6,14.7,14.7,14.35,14.0,14.95,14.9,14.7,14.55,14.25,14.6,14.75,14.9,14.5,14.0,13.8,13.25,13.6,13.45,13.0,13.2,13.45,14.0,13.85,13.7,13.6,13.6,13.85,14.8,15.8,16.9,17.4,17.4,18.6,19.7,19.9,19.65,19.7,20.8,22.25,23.8,22.8,24.0,25.65,26.3,25.9,25.9,26.3,26.3,25.5,25.0,24.4,24.4,24.9,23.2,21.6,21.8,23.3,23.4,23.4,23.1,23.0,23.0,22.75,21.8,22.1,22.1,22.4,22.4
DXG,16.4,17.0,17.05,17.35,17.15,17.55,17.65,17.6,18.25,17.4,18.15,17.3,17.5,18.7,20.0,21.4,22.0,21.0,19.55,19.6,18.25,19.5,20.85,21.3,22.5,21.45,22.95,24.55,24.3,24.15,24.9,24.75,23.85,23.0,23.5,23.85,23.1,23.3,22.6,22.25,22.45,23.6,24.3,24.15,24.0,23.9,24.5,24.5,25.2,25.4,24.65,23.95,24.15,23.95,23.4,23.65,24.05,24.0,24.6,24.5,24.4,24.2,24.2,25.2,25.0,24.9,23.95,23.85,24.4,24.25,25.65,25.65,24.0,24.05,22.55,22.95,23.2,23.45,22.9,23.05,23.3,23.35,23.4,24.1,24.65,24.8,24.35,23.95,23.15,23.15,23.35,24.35,26.05,25.4,26.1,27.0,27.1,28.0,27.85,27.55,28.9,28.8,27.8,25.9,24.1,23.6,25.25,25.2,25.0,23.9,24.15,24.15,23.7,24.4,23.7,24.2,24.15,24.35,24.05,24.0,23.8,23.8,22.9,21.3,21.9,22.95,23.0,22.0,22.4,22.35,22.3,21.6,20.1,20.3,20.6,21.95,20.7,21.1,21.0,20.75,21.25,21.55,21.7,22.0,21.8,22.65,23.1,23.45,23.15,22.2,22.7,22.85,23.8,23.8,23.5,23.5,22.0,20.95,21.1,21.1,20.9,21.65,22.25,22.2,22.1,22.9,22.0,22.0,19.7,19.25,19.2,18.55,18.75,18.7,19.25,19.2,19.05,19.35,19.8,19.65,19.0,19.2,19.05,19.1,18.8,19.0,19.0,19.75,20.9,20.8,21.6,21.7,21.5,21.6,21.55,21.4,21.4,21.2,21.75,22.5,22.2,22.3,23.45,24.1,24.15,23.75,24.95,23.3,23.3,24.2,25.85,26.4,26.5,26.3,27.0,27.0,26.4,26.65,27.3,26.55,24.7,26.0,26.65,28.5,28.6,30.6,32.7,33.25,32.2,31.1,30.2,31.2,31.15,33.05,33.05
GAS,88.8,90.0,90.4,92.7,92.7,93.3,93.6,93.0,92.1,91.6,90.6,85.0,86.5,87.5,86.6,84.7,83.3,79.0,73.5,76.3,75.2,76.5,80.0,81.0,81.2,79.0,81.3,86.9,90.1,88.9,88.2,89.4,88.1,89.2,89.3,91.9,91.0,91.0,90.9,92.5,95.0,93.7,92.0,92.7,91.1,91.1,90.3,92.8,91.8,90.9,90.5,91.8,90.1,90.3,89.2,89.5,89.6,89.7,90.6,90.3,89.4,89.7,89.1,89.0,88.8,87.9,86.0,86.5,86.0,86.0,87.2,88.0,85.8,86.0,81.5,81.5,81.9,83.5,83.3,85.5,84.9,84.0,86.0,85.3,86.4,85.6,84.1,82.5,82.0,81.6,80.8,81.0,82.0,82.9,81.9,80.1,82.0,82.6,83.7,87.4,88.3,91.4,90.7,88.1,87.4,86.1,87.0,89.5,88.7,91.9,93.9,92.7,93.0,94.9,93.9,95.8,98.0,95.0,93.0,93.0,94.2,96.6,92.0,85.8,91.5,93.0,91.7,88.0,91.5,91.3,90.5,90.0,86.7,89.0,87.4,89.4,88.0,88.3,89.0,89.1,89.5,89.6,93.5,93.0,94.0,93.8,92.4,93.0,96.0,95.5,94.5,93.0,94.2,92.4,92.6,90.9,87.5,85.8,86.0,87.3,86.3,87.0,87.5,89.4,88.6,90.4,88.7,87.8,88.6,88.6,88.6,89.0,91.5,92.6,91.9,88.8,88.2,88.4,90.6,91.0,90.0,95.1,96.8,97.0,103.5,104.0,109.0,113.5,111.0,112.4,112.5,112.0,111.0,111.3,112.0,116.5,114.5,114.5,112.2,112.1,112.0,113.8,121.7,125.0,124.5,121.3,121.6,120.0,117.1,122.4,123.0,119.2,120.4,119.0,118.1,118.9,116.7,117.4,113.8,106.0,102.1,104.6,103.0,103.9,102.0,99.4,98.3,98.5,98.4,96.6,92.0,96.5,98.2,98.7,96.6
HCM,32.0,31.6,31.6,32.3,32.6,31.9,32.3,31.85,33.65,34.15,33.3,31.0,31.0,31.5,30.8,31.4,29.8,27.75,25.85,26.9,25.05,25.6,27.3,27.3,28.0,27.45,28.2,29.4,29.2,29.05,29.3,29.6,29.2,29.3,29.15,30.95,31.0,31.15,30.3,31.0,31.6,31.2,32.05,32.6,32.5,32.05,31.45,31.8,32.25,32.7,32.05,31.45,30.0,30.0,29.6,30.45,31.1,30.9,32.7,32.7,33.3,33.0,33.2,33.05,33.7,34.6,33.2,33.9,33.0,32.0,32.85,32.0,30.0,31.5,30.1,30.0,30.4,30.7,31.3,31.9,31.8,31.75,33.9,32.6,33.8,35.05,35.4,34.6,34.5,35.45,37.0,36.2,37.2,37.45,37.05,36.3,37.45,39.25,38.4,39.8,42.0,41.8,39.9,37.15,38.2,38.15,39.4,42.15,44.9,44.5,44.45,44.6,43.8,44.5,46.1,45.2,48.35,49.0,50.4,51.1,54.0,54.5,53.1,49.4,51.0,50.6,48.1,44.75,47.5,46.1,48.2,47.8,44.5,47.5,46.1,46.65,45.25,44.7,45.95,45.9,46.95,47.85,48.1,49.5,49.8,50.5,49.3,51.8,51.7,51.0,50.8,52.9,55.7,55.0,55.9,56.4,57.0,57.1,53.2,54.2,52.3,53.5,55.5,54.6,54.9,55.6,56.3,55.2,55.5,55.2,53.3,51.5,53.1,52.2,53.7,54.1,52.9,53.1,55.1,54.5,51.7,53.8,52.6,52.0,50.5,48.3,50.2,49.5,49.0,48.7,39.0,38.5,37.9,38.15,38.05,38.65,38.95,38.65,38.05,37.5,36.5,36.9,38.15,38.7,38.2,39.5,40.3,39.75,41.85,42.1,44.0,43.45,44.0,43.85,44.25,45.6,45.0,45.3,48.1,46.6,45.0,46.5,47.3,47.7,48.7,49.2,49.0,48.25,47.7,44.5,42.2,43.95,44.0,44.5,43.8
HVH,10.25,10.1,9.99,9.8,10.15,10.85,10.8,10.6,11.3,11.2,10.7,10.1,10.2,10.25,10.2,10.2,10.0,9.7,9.03,9.0,8.58,8.6,9.0,9.0,8.93,8.9,8.94,9.44,9.5,9.45,9.2,9.5,9.49,9.3,9.55,9.55,9.85,10.05,9.75,9.84,10.2,10.65,10.55,10.5,10.25,10.5,10.3,10.4,10.15,10.2,10.5,11.2,11.95,11.8,11.2,11.2,11.95,12.3,12.2,12.0,12.2,12.8,13.0,12.6,12.25,12.2,12.05,12.0,11.6,11.2,11.85,11.75,10.55,10.6,10.0,10.0,10.15,10.2,10.0,10.25,10.1,10.05,10.1,10.15,10.7,10.3,10.35,10.25,10.25,10.0,10.0,10.0,10.0,10.0,10.0,10.35,10.2,10.1,9.8,10.1,10.2,10.0,10.0,10.0,10.0,10.0,10.7,11.4,11.45,10.85,11.1,11.0,10.95,11.55,11.25,10.95,10.85,11.0,10.8,10.75,10.75,10.75,11.1,11.0,10.8,10.2,9.49,8.83,8.75,8.45,8.45,8.6,8.0,8.0,7.9,8.45,8.88,8.8,8.63,8.35,8.3,8.19,8.19,8.1,8.14,8.23,8.29,8.55,8.49,8.54,8.52,8.56,8.56,8.45,8.41,8.99,9.32,9.72,9.1,8.79,8.95,8.81,9.29,9.29,9.16,9.8,10.0,9.75,9.85,9.82,10.0,9.95,9.85,10.5,10.7,11.05,10.7,10.85,10.55,10.0,9.5,9.75,9.68,9.72,9.6,9.7,9.77,10.15,10.1,9.81,9.77,9.96,9.92,10.2,10.4,10.3,10.3,10.55,10.65,10.8,10.75,10.65,10.8,11.25,11.05,11.05,11.55,11.05,11.35,11.3,11.1,11.35,12.1,12.45,12.45,12.7,13.55,14.45,14.4,13.45,12.55,13.05,12.7,12.65,12.8,12.75,12.5,12.25,12.45,12.5,11.7,12.25,12.15,12.5,12.25
OPC,57.6,61.6,62.9,62.8,62.5,62.5,62.5,62.5,62.8,63.0,63.0,63.0,59.5,63.5,63.5,60.0,60.0,57.7,61.7,65.5,67.0,69.0,68.8,64.0,60.0,60.0,60.0,60.0,60.0,58.5,59.5,59.4,59.5,60.0,60.7,58.4,62.0,66.2,62.5,66.3,66.0,66.0,66.0,62.1,62.1,62.2,61.7,61.6,61.6,61.6,60.1,60.0,59.0,59.0,59.0,59.8,60.0,59.0,59.0,60.0,60.0,63.0,63.0,63.0,59.5,63.0,62.5,62.5,59.0,59.9,60.0,60.1,59.9,60.0,62.0,62.5,62.9,62.0,61.5,62.5,62.7,66.1,62.1,66.0,66.7,63.7,63.7,65.5,67.0,70.0,65.2,65.2,67.0,67.0,66.5,66.3,66.3,64.5,68.4,68.1,67.9,67.4,67.4,63.0,63.6,64.0,63.0,63.0,62.2,61.9,62.2,60.5,57.0,60.0,59.5,57.0,57.4,57.2,57.0,57.0,57.0,57.0,56.9,57.0,56.9,56.9,57.0,56.9,57.4,57.0,56.9,56.9,57.0,57.0,57.0,57.0,56.9,57.0,57.0,57.0,57.0,57.0,57.0,56.8,56.9,56.5,57.2,56.9,57.0,56.9,56.9,57.0,56.9,56.9,56.9,56.9,57.0,57.0,56.9,56.9,56.9,59.3,63.4,60.6,58.0,59.5,57.7,57.0,56.6,58.0,57.0,57.0,57.5,57.0,57.0,57.0,57.0,57.0,57.0,57.0,57.0,57.0,57.0,57.0,57.0,57.0,56.9,57.0,57.0,57.0,56.5,57.0,57.0,56.5,56.7,57.0,57.0,56.8,57.0,57.6,57.0,57.0,57.0,57.0,57.0,56.4,56.6,57.0,56.4,57.0,57.0,56.2,56.6,56.7,56.9,56.5,56.4,55.9,57.3,57.0,57.0,57.0,57.0,57.0,57.0,57.0,57.0,57.0,56.8,57.0,57.0,57.0,57.0,56.8,57.0
POM,13.65,13.9,13.5,13.25,13.35,13.25,14.0,14.1,14.1,14.15,14.1,13.35,12.9,13.8,14.0,14.0,13.4,12.9,12.0,12.5,13.0,13.1,13.25,13.25,13.25,13.2,13.55,14.0,13.6,13.8,14.1,13.9,13.6,13.6,14.55,15.55,16.35,17.45,18.5,18.65,18.95,18.6,17.55,17.8,17.6,17.3,17.15,17.5,17.4,17.7,17.35,17.0,16.2,16.1,15.8,16.1,16.2,16.85,17.0,16.85,16.8,16.4,16.8,16.85,16.8,17.1,17.25,18.45,18.9,18.3,19.55,19.4,18.2,19.1,17.8,18.0,18.0,18.1,18.25,18.2,17.95,18.8,20.1,20.25,20.0,19.95,19.2,18.4,18.9,18.7,17.9,17.5,17.35,18.1,17.75,17.3,17.4,17.8,17.5,17.0,16.95,17.45,17.0,16.0,16.2,15.9,16.1,16.3,16.0,15.9,15.9,16.6,16.8,16.6,16.15,16.0,16.1,16.35,17.45,17.45,17.25,16.7,16.4,16.35,16.05,15.65,14.9,13.9,14.0,14.0,14.2,14.2,13.25,13.5,13.5,13.65,13.4,13.0,13.4,13.4,13.5,13.65,14.0,13.9,14.1,14.25,15.0,15.0,15.25,14.9,14.75,14.55,14.9,15.9,16.85,17.2,16.0,15.25,15.55,16.4,16.0,16.1,16.9,16.8,16.65,17.4,17.0,16.9,17.2,17.0,16.6,16.2,17.3,17.25,17.25,16.95,16.8,17.1,16.9,16.5,16.0,16.7,16.55,16.55,16.45,17.35,17.15,17.5,18.25,18.0,18.05,17.75,17.6,17.9,18.4,18.5,18.2,18.2,18.35,18.2,17.5,17.3,17.3,17.7,17.4,17.15,17.05,16.85,17.0,17.15,17.05,16.9,16.8,16.6,16.85,16.75,16.65,16.45,15.95,15.2,15.5,15.5,15.35,15.4,15.85,16.25,16.1,15.75,15.55,15.25,14.3,14.75,14.75,14.8,14.8
PPC,24.5,24.55,24.45,24.7,25.6,26.15,26.1,25.4,25.7,25.15,25.45,25.0,25.85,27.65,27.7,28.1,28.15,27.1,25.25,26.45,24.6,24.8,25.8,25.5,25.6,25.3,25.8,26.4,26.2,26.45,26.8,27.9,27.9,27.85,27.7,28.6,28.25,28.4,27.7,28.2,28.2,27.95,27.9,27.75,25.8,25.6,25.6,25.7,25.85,25.6,25.4,25.05,24.3,24.65,24.5,24.35,24.5,24.55,25.5,26.1,27.5,29.1,28.8,27.9,28.0,28.15,27.8,27.7,27.55,26.95,27.4,27.4,27.0,27.0,27.15,27.1,27.2,27.2,28.05,28.1,27.65,27.15,27.15,27.65,27.5,27.35,27.4,25.2,24.0,23.25,23.2,23.6,23.8,23.85,23.7,23.25,23.2,23.2,23.2,23.45,24.2,24.1,23.95,23.7,23.75,23.75,23.7,23.75,23.95,24.0,24.0,24.05,25.3,24.85,24.8,25.2,25.1,25.0,24.95,24.95,26.0,25.6,25.5,24.9,25.0,25.0,24.75,23.9,24.6,24.6,23.5,23.5,23.05,23.2,23.1,23.05,22.85,23.0,22.65,22.5,22.4,22.3,22.7,22.55,22.55,22.95,22.8,23.2,24.0,23.6,23.1,22.9,23.1,23.4,22.95,23.0,22.8,22.5,22.4,22.55,22.6,24.15,24.8,24.75,24.5,26.0,25.05,24.7,25.0,24.6,24.2,23.5,23.75,24.0,24.0,24.15,23.3,23.0,22.9,23.55,22.9,23.15,23.1,22.95,22.95,23.6,23.5,23.4,23.3,23.5,23.4,23.4,23.4,23.4,23.1,22.8,22.95,22.85,22.85,22.75,22.7,23.0,23.0,23.05,23.3,23.1,23.05,22.9,23.0,23.0,23.15,23.05,23.05,23.5,23.4,23.95,23.6,23.55,23.25,22.6,22.5,22.9,22.9,22.95,22.9,23.0,22.95,22.95,22.8,22.6,22.5,22.85,22.7,23.45,22.95
PVT,14.55,14.45,14.45,14.8,15.05,15.3,15.3,15.05,15.05,16.1,17.2,16.6,17.3,18.5,19.6,18.7,17.8,16.6,15.45,16.0,14.9,15.4,16.4,16.45,16.6,16.05,16.4,17.5,17.9,17.4,17.5,17.65,17.1,17.2,17.05,17.65,17.4,17.4,17.9,18.5,18.75,18.0,18.2,18.2,18.05,18.3,18.0,18.2,18.15,17.8,17.85,17.65,17.1,16.9,16.6,17.1,17.2,17.05,17.5,17.6,17.55,17.4,17.7,17.7,18.0,17.9,17.5,17.95,17.55,17.3,17.5,17.05,16.1,16.7,16.0,16.2,16.15,16.2,16.2,17.25,16.8,16.3,16.45,16.6,16.85,16.7,16.5,16.3,16.35,16.15,16.15,16.6,16.75,16.9,17.45,17.4,18.0,18.05,18.5,18.6,18.75,20.05,20.95,19.5,19.95,19.4,20.25,21.2,21.2,21.0,21.2,20.85,21.1,21.15,21.6,21.0,21.25,21.6,21.1,21.0,20.85,20.9,20.1,18.7,18.8,18.55,17.6,17.75,18.25,18.5,18.65,18.35,17.1,17.55,17.5,18.15,17.6,17.9,18.35,18.3,18.6,18.5,19.1,19.2,19.3,19.25,19.1,20.05,20.6,20.5,20.6,22.0,22.65,23.2,23.2,22.95,21.35,20.0,20.6,20.95,21.45,21.95,22.0,22.6,23.25,24.85,23.5,23.85,24.5,24.15,24.35,23.85,24.3,24.2,24.8,24.1,24.35,23.95,23.55,22.7,22.4,23.3,23.1,23.1,23.3,24.0,23.9,23.9,24.65,24.55,24.55,24.7,24.55,25.35,25.1,25.2,24.5,24.4,24.6,24.7,24.75,24.7,26.0,25.3,24.95,24.95,25.35,24.75,24.75,24.9,25.3,27.05,27.1,25.4,25.6,26.1,26.2,25.8,25.0,24.5,23.0,24.35,24.0,23.8,23.85,23.6,23.6,24.0,24.0,23.1,22.0,23.0,22.7,23.15,23.35
PXI,3.2,3.25,3.25,3.28,3.29,3.4,3.57,3.5,3.59,3.65,3.9,3.95,3.83,4.08,4.1,4.0,3.75,3.5,3.26,3.32,3.18,3.0,3.18,3.2,3.1,3.1,3.25,3.47,3.6,3.6,3.58,3.37,3.38,3.44,3.44,3.36,3.32,3.39,3.62,3.87,4.14,4.15,4.0,3.9,3.88,4.0,3.9,3.94,3.94,3.86,3.9,3.8,3.75,3.7,3.71,3.8,3.73,3.73,3.71,3.71,3.7,3.71,3.96,4.0,4.0,4.2,4.1,4.38,4.61,4.38,4.16,4.0,3.9,3.9,3.89,3.9,3.9,3.9,3.65,3.88,3.8,3.8,3.6,3.75,3.8,3.8,3.74,3.76,3.6,3.6,3.59,3.6,3.55,3.57,3.5,3.41,3.41,3.33,3.51,3.59,3.65,3.6,3.62,3.59,3.59,3.55,3.48,3.46,3.46,3.43,3.4,3.44,3.5,3.5,3.45,3.4,3.45,3.43,3.42,3.45,3.44,3.4,3.23,3.1,3.09,3.2,3.0,2.9,3.1,3.2,3.05,3.18,3.15,2.93,3.0,3.07,2.95,3.0,2.95,2.96,3.0,2.98,2.95,2.97,3.0,3.21,3.1,3.0,3.15,3.1,3.1,3.09,3.07,3.08,3.09,3.09,3.08,2.96,2.99,2.99,2.99,2.99,3.0,3.05,3.09,3.29,3.12,3.09,3.27,3.2,3.26,3.48,3.6,3.55,3.48,3.7,3.79,4.05,4.3,4.05,3.77,3.74,3.7,3.69,3.56,3.39,3.49,3.55,3.53,3.54,3.54,3.52,3.51,3.58,3.58,3.83,4.09,4.37,4.67,4.41,4.11,4.39,4.48,4.44,4.4,4.65,4.7,4.53,4.46,4.52,4.53,4.5,4.6,4.75,5.08,5.43,5.81,6.21,6.64,7.1,6.61,6.15,6.16,6.0,6.35,6.28,6.28,6.33,6.58,6.41,5.99,6.1,6.1,5.99,6.14
PXS,7.86,8.4,8.58,8.75,8.72,8.86,8.64,8.3,8.13,8.5,8.4,7.82,7.8,8.33,8.17,7.9,7.45,6.93,6.45,6.5,6.05,5.63,6.02,6.28,6.29,6.05,6.19,6.62,7.08,7.25,7.08,7.24,7.1,7.14,7.13,7.2,7.0,7.2,7.2,7.7,8.12,7.9,7.6,7.55,7.69,7.79,7.6,7.65,7.59,7.35,7.53,7.5,7.3,7.22,7.27,7.77,7.8,7.7,7.72,7.76,7.62,7.56,7.75,7.8,7.92,8.3,7.99,8.0,7.72,7.3,7.21,7.15,6.65,6.9,6.56,6.47,6.72,6.69,6.6,6.85,6.61,6.49,6.39,6.48,6.66,6.55,6.46,6.36,6.2,6.03,5.75,6.14,6.19,6.2,5.99,5.8,6.0,6.25,6.46,6.43,6.5,6.95,7.39,6.88,6.85,6.6,6.68,6.75,6.76,6.78,6.83,6.75,6.83,7.06,6.91,6.82,6.86,6.84,6.67,6.5,6.45,6.5,6.34,6.0,5.9,5.96,5.71,5.42,5.6,5.64,5.76,5.7,5.48,5.47,5.5,5.65,5.55,5.49,5.56,5.52,5.55,5.55,5.69,5.65,5.73,5.75,5.76,5.76,6.0,6.0,6.0,5.89,5.87,5.86,5.8,5.79,5.6,5.52,5.52,5.55,5.55,5.58,5.63,5.8,5.75,5.99,5.74,5.78,5.75,5.73,5.84,6.24,6.6,6.4,6.55,6.5,6.5,6.95,6.55,6.41,6.33,6.67,7.0,7.0,7.29,7.23,7.39,7.25,7.08,7.11,7.04,7.27,7.2,7.21,7.08,7.15,7.05,7.2,7.23,7.16,7.25,7.24,7.58,7.5,7.54,8.06,8.5,7.91,7.72,7.95,8.12,7.96,8.32,8.22,8.48,9.04,8.9,8.88,9.5,9.4,8.75,8.69,9.1,8.99,8.88,8.5,8.7,9.3,9.28,8.9,8.3,8.75,8.79,9.08,8.94
REE,50.3,50.2,50.0,51.0,51.3,51.2,53.1,53.2,53.0,53.5,53.9,52.8,53.0,53.6,54.1,54.3,53.4,51.9,48.3,51.0,50.1,53.5,54.0,53.5,53.5,54.0,57.0,59.1,59.6,58.6,57.0,56.4,57.0,56.4,56.7,56.9,56.9,57.1,55.5,55.4,56.0,55.0,54.9,55.5,55.5,54.9,53.9,53.9,54.1,56.2,56.5,55.5,54.0,53.4,54.0,54.3,53.2,52.6,53.9,53.7,53.6,53.3,53.3,52.8,53.5,53.6,53.2,52.9,51.7,51.0,52.7,52.0,51.2,52.3,51.3,51.0,51.0,53.6,52.1,52.8,55.1,56.1,56.7,54.9,55.3,55.0,56.0,55.2,55.5,55.0,58.4,58.0,59.1,59.1,59.1,59.2,59.3,58.2,57.0,56.0,57.8,57.4,55.8,56.0,55.5,54.5,54.9,55.5,56.9,56.9,60.0,59.7,58.2,57.6,56.9,56.4,56.5,57.3,57.7,57.7,57.6,56.7,54.8,52.5,53.9,53.0,52.9,52.3,51.9,51.1,51.2,51.9,50.8,51.7,52.2,52.8,51.5,52.0,52.8,52.4,52.4,55.0,54.0,54.3,54.0,54.0,54.0,55.9,55.9,56.4,55.7,55.7,56.5,56.6,60.5,60.7,61.3,58.0,57.9,58.1,62.1,65.0,65.0,66.0,66.5,66.2,64.0,64.3,66.0,65.9,64.5,64.9,65.0,65.0,66.9,65.6,66.0,68.0,67.0,65.2,62.0,64.5,65.1,65.2,65.9,69.8,69.8,71.8,71.3,70.5,70.5,72.4,73.0,73.0,73.0,74.0,74.8,74.9,74.9,76.0,76.0,75.2,76.0,76.0,74.8,72.0,72.3,72.3,70.8,71.1,72.0,72.0,70.8,70.8,73.0,72.1,71.8,71.8,70.0,67.1,64.5,66.7,67.6,66.9,67.0,69.0,70.5,69.9,69.0,67.5,65.1,67.5,67.2,67.5,68.1
RIC,5.3,4.95,4.8,4.7,4.8,5.13,5.48,5.86,6.27,6.7,7.16,7.66,8.19,8.76,9.37,10.0,10.7,11.4,12.15,13.0,13.9,14.85,15.85,16.95,18.1,19.35,20.7,22.1,23.6,25.25,27.0,28.85,30.85,33.0,35.3,37.75,40.35,43.15,46.15,42.95,39.95,37.2,34.6,32.2,29.95,27.9,25.95,24.15,22.5,20.95,19.5,18.15,16.9,15.75,16.85,18.0,19.25,20.55,21.95,23.45,25.05,26.8,28.65,26.65,24.8,23.1,21.5,23.0,24.6,25.0,23.25,21.65,20.15,19.1,18.8,18.2,19.45,20.8,20.7,20.65,19.85,18.8,18.5,18.0,18.5,18.15,18.4,18.0,17.8,18.0,17.4,17.2,17.05,16.8,16.6,16.3,16.3,16.7,16.6,16.2,17.3,18.5,19.75,18.5,18.65,17.95,18.85,18.2,17.8,17.6,17.5,17.9,17.9,18.5,18.5,19.0,18.75,19.3,18.9,18.6,19.2,19.2,19.2,19.1,19.0,19.0,19.15,18.05,18.4,18.3,18.2,18.35,18.0,18.0,17.95,18.0,17.9,17.9,17.5,17.5,17.35,17.5,17.5,17.4,17.4,17.2,17.0,17.8,19.0,20.3,21.7,23.2,23.0,21.4,20.0,21.4,22.0,23.5,21.9,20.6,21.3,20.85,21.5,22.3,21.2,21.4,20.7,20.6,21.0,20.95,22.4,22.95,23.5,23.0,22.0,22.9,21.4,21.0,21.0,20.3,20.2,19.0,19.4,20.0,19.7,19.0,19.0,19.7,18.9,19.0,18.6,18.65,19.95,20.1,20.8,19.8,19.6,19.5,19.6,19.15,19.5,19.55,19.55,19.8,19.7,19.5,19.6,20.4,19.95,19.65,19.7,20.0,21.4,22.85,22.55,24.1,23.4,23.45,23.55,22.0,20.9,21.1,20.6,20.7,20.0,20.15,20.5,21.0,20.1,19.9,19.0,19.95,19.5,19.35,19.5
ROS,2.54,2.49,2.44,2.51,2.52,2.69,2.87,3.07,3.28,3.5,3.74,3.64,3.74,4.0,4.28,4.57,4.88,5.17,4.81,4.48,4.17,3.88,3.61,3.86,3.92,3.65,3.5,3.74,3.67,3.57,3.57,3.54,3.47,3.49,3.4,3.42,3.43,3.55,3.45,3.47,3.53,3.56,3.55,3.5,3.63,3.88,4.1,3.87,3.82,4.02,4.3,4.45,4.28,4.18,4.16,4.45,4.76,4.82,4.53,4.71,4.9,4.95,5.03,5.29,5.66,6.05,6.3,6.74,7.21,7.71,7.35,7.86,7.85,7.7,7.17,6.67,6.47,6.44,6.0,6.42,6.57,6.2,6.15,6.58,7.04,7.3,7.55,7.56,7.07,7.27,6.81,6.85,6.88,6.61,6.42,6.25,6.68,6.53,6.54,6.82,7.24,7.0,6.7,6.51,6.67,6.62,6.71,6.58,6.54,6.71,7.17,7.0,6.8,6.86,6.78,6.74,6.7,6.67,6.57,6.55,6.5,6.37,6.15,5.99,5.58,5.58,5.19,4.83,5.16,5.35,5.26,5.03,4.68,5.0,4.9,5.0,4.86,4.84,4.98,4.93,4.97,4.97,5.03,5.2,5.42,5.45,5.37,5.35,5.38,5.38,5.4,5.3,5.29,5.29,5.21,5.1,4.95,4.9,4.85,4.82,4.82,4.8,4.93,4.97,4.96,5.3,5.02,5.03,5.08,5.09,5.07,5.22,5.28,5.21,5.22,5.35,5.33,5.7,5.5,5.61,5.3,5.31,5.22,5.25,5.23,5.49,5.33,5.39,5.43,5.53,5.75,5.68,5.54,5.58,5.5,5.44,5.48,5.48,5.66,5.59,5.52,5.61,5.61,5.63,5.6,5.79,5.92,5.8,5.83,6.13,6.55,6.4,6.39,6.61,6.68,7.14,7.1,7.16,7.4,7.26,6.76,6.84,6.79,7.0,6.85,6.94,6.93,7.41,7.54,8.06,8.3,8.49,8.06,8.28,8.32
S4A,27.5,27.3,27.2,27.95,27.85,28.5,28.8,28.4,29.0,29.0,28.55,28.0,28.0,27.0,26.6,27.0,27.2,26.9,25.8,26.0,26.0,27.2,27.2,27.2,27.2,27.2,27.3,27.3,27.3,27.2,27.2,27.0,27.0,27.2,27.5,27.5,27.0,27.05,27.5,27.5,27.2,27.5,27.5,27.3,27.2,27.2,27.2,27.2,27.2,27.2,27.1,27.0,27.0,27.0,27.0,27.0,26.9,26.9,26.3,26.3,26.6,26.5,26.5,26.5,26.5,26.5,26.5,26.7,26.5,26.5,26.5,26.5,26.5,26.7,26.9,27.0,27.0,27.0,27.0,27.4,27.4,27.4,27.0,27.0,26.8,26.9,27.1,27.1,27.5,27.1,27.0,26.9,26.9,26.5,26.55,26.55,26.55,26.55,27.0,26.9,27.25,27.25,27.3,26.6,26.65,26.65,26.65,27.3,27.3,26.5,26.5,27.15,26.5,26.5,26.5,26.5,26.5,26.5,27.2,27.2,27.15,27.15,27.15,27.3,26.8,26.5,26.5,26.1,27.2,27.2,27.2,27.0,25.8,27.0,27.0,27.0,27.0,27.0,27.0,27.0,27.0,27.4,27.25,26.8,27.0,27.0,27.0,27.0,27.0,27.0,27.0,27.0,27.45,27.95,27.5,27.6,27.3,27.0,27.45,27.45,27.45,27.5,27.7,27.7,28.3,28.0,28.0,28.0,27.8,28.0,28.1,28.3,28.2,28.45,28.45,28.3,28.45,28.45,28.5,28.4,28.3,28.3,28.3,28.3,28.75,28.75,29.35,29.35,29.35,29.25,29.25,28.8,28.8,28.8,29.4,29.5,29.55,29.55,29.7,29.9,29.9,29.4,29.8,29.8,29.8,29.7,29.7,29.95,29.95,29.7,29.9,29.8,29.9,29.9,30.45,30.45,30.4,30.7,30.8,30.8,30.9,30.9,30.9,30.8,30.8,30.8,30.8,32.6,30.65,30.7,29.6,30.95,30.95,30.15,30.25
SCS,128.5,129.5,129.6,129.6,129.7,130.3,137.5,136.2,136.2,136.0,137.0,134.9,134.1,134.9,135.0,135.5,134.9,131.1,122.0,125.5,126.5,127.1,131.0,130.0,130.0,124.5,132.0,130.0,130.0,130.5,129.6,129.9,129.7,129.9,130.8,132.3,134.0,137.0,136.9,136.0,136.2,135.7,135.7,135.2,134.7,134.7,134.5,134.2,134.2,134.0,133.3,133.0,132.0,131.0,130.1,130.0,130.8,131.0,131.8,132.0,131.0,131.0,130.9,130.9,128.0,129.0,130.9,129.5,130.0,128.5,128.5,128.0,126.0,126.0,126.0,125.9,125.7,125.8,126.0,127.0,126.9,126.3,126.0,125.9,127.0,126.9,128.0,126.7,129.8,129.8,127.5,129.1,130.2,130.8,131.8,141.0,137.4,133.3,131.3,130.0,129.0,129.2,130.3,131.0,131.5,135.0,135.5,134.1,133.3,135.0,137.4,137.9,142.1,142.0,139.9,142.4,142.0,143.3,139.0,137.5,137.8,136.2,136.0,135.8,135.0,135.2,134.1,131.0,131.0,131.0,131.3,133.0,132.4,134.3,134.0,134.9,134.9,134.5,135.9,135.8,135.1,135.1,135.9,136.8,136.8,138.5,136.1,139.6,138.6,139.0,137.4,138.8,140.5,141.0,142.4,140.0,141.4,140.0,138.0,138.0,138.0,139.5,140.5,139.6,138.1,135.9,136.8,138.0,140.5,140.8,140.9,140.9,140.7,140.7,140.9,137.7,137.8,138.0,138.0,138.0,135.0,135.0,135.8,136.5,135.0,135.1,134.4,134.4,133.5,133.5,133.7,133.8,134.6,135.0,135.4,135.1,134.7,134.1,133.7,133.7,133.8,133.9,133.9,133.7,134.0,134.5,136.8,138.5,139.9,141.5,143.2,145.8,145.5,144.9,144.9,146.0,146.8,146.8,147.0,144.0,144.0,148.9,148.0,147.1,147.9,158.2,156.5,155.0,150.3,148.0,145.0,147.9,144.6,145.0,145.0
SFC,24.0,22.4,22.4,22.4,22.4,22.4,23.5,23.5,23.5,23.5,23.5,23.5,23.5,22.0,23.0,23.0,23.0,22.95,23.0,23.0,23.0,23.0,23.0,23.0,23.0,23.0,23.0,23.0,23.0,23.0,23.0,23.0,23.3,23.3,23.3,23.0,23.0,23.0,24.5,24.5,24.5,24.5,24.5,22.9,24.5,24.5,25.8,25.0,23.4,24.65,24.65,24.65,24.65,23.2,23.2,23.2,23.2,23.2,23.2,23.2,23.2,23.2,23.2,23.2,23.2,23.2,23.2,23.2,23.2,23.2,24.8,24.8,23.6,23.6,24.8,24.0,24.0,24.0,24.0,25.0,24.5,24.5,24.5,24.5,24.5,24.5,24.5,23.0,22.5,23.9,23.9,23.9,23.9,23.9,23.9,23.9,23.9,23.9,23.9,23.9,24.5,24.5,26.2,27.85,27.85,25.95,24.25,25.9,27.7,27.7,25.8,25.8,27.3,27.3,27.3,27.3,27.3,27.3,27.3,27.3,27.3,26.0,24.4,24.05,24.05,22.7,24.0,23.1,23.1,23.1,23.1,23.1,23.1,23.1,21.6,21.6,21.6,22.6,22.6,23.05,23.5,23.5,23.5,23.5,23.2,24.0,24.0,24.0,24.0,24.0,24.0,24.05,25.0,25.0,25.0,25.0,25.0,24.0,24.0,24.0,24.0,24.0,24.0,24.0,24.2,24.2,24.2,24.2,24.2,24.2,25.7,25.7,24.0,24.2,24.2,25.85,25.85,25.85,25.85,25.9,27.6,27.6,25.7,25.7,25.7,25.7,25.7,26.3,25.15,26.0,26.0,26.5,26.5,27.5,29.0,28.75,27.0,27.0,25.75,25.75,27.3,25.6,25.6,27.3,29.2,31.0,33.15,31.0,33.0,32.5,31.1,31.8,33.0,33.0,33.0,34.0,32.0,32.3,32.0,29.0,27.8,26.0,26.0,26.2,26.3,24.8,26.5,26.6,26.0,26.1,26.0,26.0,24.45,24.5,24.5
SFI,32.45,31.5,32.45,32.5,32.1,32.0,34.0,36.35,38.85,38.0,38.7,37.0,36.0,37.85,37.85,37.0,36.5,35.0,32.55,34.2,34.0,34.0,36.0,36.0,35.8,36.0,35.9,35.9,37.3,39.9,41.0,40.1,39.6,39.5,39.7,39.6,39.6,42.0,40.4,39.7,39.9,40.0,40.0,39.8,39.6,39.6,39.6,39.5,40.65,40.9,41.9,41.05,39.5,39.8,39.25,39.15,39.35,39.35,39.5,39.5,41.2,41.0,41.0,40.5,39.7,38.25,38.0,38.0,38.0,37.85,37.7,37.8,37.35,36.75,36.5,37.0,37.5,38.45,38.35,38.2,38.2,37.85,37.6,37.6,37.3,37.8,37.7,37.55,37.55,37.8,37.0,36.6,36.6,36.8,36.8,36.0,36.4,36.4,36.4,36.0,38.5,38.8,38.3,38.3,38.4,38.9,39.0,40.0,40.2,40.0,39.4,39.7,38.8,38.4,37.95,37.7,37.85,38.05,37.8,37.7,37.3,38.3,37.8,37.1,37.0,37.4,37.85,36.0,37.5,37.5,37.4,37.4,37.0,37.5,37.3,37.5,37.5,37.4,37.5,37.5,39.95,39.95,41.0,41.0,41.7,41.05,41.3,44.1,45.8,49.0,47.3,46.9,46.8,46.0,46.0,46.5,46.5,46.8,46.8,46.6,47.3,48.2,50.4,49.5,49.4,50.4,50.4,53.0,52.5,53.5,53.9,52.9,52.3,51.9,52.0,51.6,51.6,51.6,51.0,50.0,49.6,49.5,50.2,49.5,49.5,49.5,49.8,51.3,51.3,50.9,51.7,54.5,54.5,53.0,52.5,55.0,55.0,55.0,56.0,56.2,56.3,58.0,62.0,66.3,66.3,65.0,65.0,65.0,65.0,64.8,69.3,69.6,73.1,78.2,81.9,79.6,77.7,76.8,75.5,73.2,72.4,71.0,72.5,71.8,72.5,73.0,74.0,73.0,73.0,73.0,72.8,72.7,72.6,71.8,72.0
SGN,70.5,70.6,71.0,71.3,71.0,71.2,71.7,72.1,73.3,73.0,72.5,70.0,70.0,70.0,69.5,72.0,70.0,68.0,63.3,66.8,67.0,67.0,68.6,68.5,68.5,68.0,69.0,69.0,69.5,69.0,69.0,68.7,68.6,69.0,69.0,69.8,70.0,69.5,70.0,70.0,69.5,69.5,69.5,69.5,70.0,70.0,69.5,69.9,69.8,69.7,69.9,69.9,69.9,69.6,69.3,70.0,70.0,69.8,70.8,70.9,70.3,70.1,70.4,70.4,70.5,70.4,70.6,70.3,70.0,69.1,70.3,70.3,70.0,69.9,69.6,69.7,69.7,69.6,69.5,69.5,69.2,69.0,68.0,68.0,68.0,67.9,67.2,67.4,67.0,67.0,66.2,66.2,66.4,66.3,66.1,65.9,65.9,65.5,65.4,65.4,69.7,69.3,69.3,69.0,69.1,69.0,69.0,68.9,68.1,68.8,68.8,68.8,69.0,69.3,69.5,69.4,69.4,69.3,69.3,69.0,69.0,69.3,69.3,69.3,69.0,69.0,68.7,68.5,68.8,68.7,69.0,68.5,68.4,68.0,66.3,68.0,68.0,68.0,68.0,67.0,66.5,67.8,67.0,67.3,67.3,67.9,67.3,67.3,67.1,67.5,67.0,66.6,66.5,67.2,67.3,67.0,66.0,66.0,65.8,65.3,65.8,65.8,65.8,65.1,65.0,65.0,65.0,65.0,66.6,68.0,70.0,69.1,68.3,68.3,69.9,69.1,69.1,69.0,68.8,68.8,70.0,69.9,69.9,69.1,69.4,69.7,69.7,69.8,71.5,70.1,70.1,70.1,70.2,70.2,70.1,70.0,70.0,70.0,69.7,69.9,69.9,69.9,70.0,70.0,69.9,69.0,69.7,69.1,69.0,69.5,69.5,69.3,68.5,69.0,68.6,68.5,68.7,69.3,69.6,69.5,69.2,69.3,69.4,70.1,71.3,69.9,69.9,69.5,69.4,69.4,68.5,69.0,68.5,68.5,68.5
SGR,20.8,20.5,20.4,20.35,20.35,20.3,20.5,20.2,21.6,23.0,23.6,21.95,20.8,22.0,21.7,21.45,20.65,20.5,19.1,19.9,18.6,19.0,19.5,19.2,19.4,19.4,20.7,21.7,22.2,23.7,24.8,25.7,24.95,24.6,25.0,25.2,26.1,25.5,25.1,25.3,26.0,27.8,29.7,31.75,33.8,36.15,38.65,41.35,44.2,41.15,38.3,35.65,33.2,35.5,37.95,38.5,36.5,37.3,35.75,35.7,35.25,34.0,33.0,32.7,33.4,33.4,32.4,31.5,30.1,28.6,30.6,31.5,29.5,29.0,27.0,28.1,28.5,29.0,28.4,27.6,27.5,27.05,25.85,26.2,27.4,29.3,29.7,28.6,27.9,26.75,26.65,27.6,27.95,27.9,27.9,27.0,26.7,26.2,25.8,27.6,28.5,27.0,27.1,26.6,26.3,27.0,26.7,26.5,26.3,26.0,26.0,26.1,26.9,26.2,26.2,25.7,24.9,24.9,24.2,23.6,23.8,23.9,23.1,21.9,21.0,21.3,20.6,19.2,19.7,20.8,21.3,21.0,20.9,20.7,20.6,20.8,21.0,21.5,21.45,21.0,20.65,21.0,20.65,21.0,20.4,20.6,22.0,23.5,24.5,23.0,23.5,23.35,23.6,23.5,22.9,22.85,22.5,22.2,21.6,22.1,22.8,22.8,23.1,22.8,23.45,25.05,24.9,25.5,26.8,26.45,25.55,24.6,25.7,25.7,25.0,23.5,23.45,23.55,23.4,22.45,22.3,21.7,22.15,22.15,22.1,21.6,22.15,23.4,23.5,23.2,22.8,23.0,23.35,23.35,23.4,23.4,23.2,23.0,22.85,24.4,26.1,26.75,28.6,30.6,32.7,34.95,37.35,34.75,37.15,37.6,37.6,36.4,35.5,37.65,37.5,36.7,35.15,33.85,36.2,37.0,34.6,34.6,33.8,36.15,36.2,34.4,34.4,33.0,32.5,30.65,28.55,30.3,30.2,30.35,30.15
SII,18.9,18.9,18.9,18.9,18.9,18.9,18.9,18.9,18.9,18.4,19.0,19.0,19.0,19.9,19.9,21.0,19.55,20.0,20.0,20.8,20.8,20.8,20.8,19.35,19.35,19.35,18.0,18.0,17.0,17.0,17.0,18.0,18.0,18.0,18.25,18.25,18.25,18.25,18.25,18.25,19.0,17.7,17.7,17.7,17.5,18.7,17.5,18.5,17.8,18.5,18.5,18.5,18.5,17.9,19.0,19.0,18.7,20.0,19.9,19.8,19.8,19.8,18.7,18.7,18.0,19.0,17.9,17.1,17.2,17.2,17.2,17.2,17.2,17.2,17.2,17.6,17.6,17.6,17.5,17.45,17.45,17.35,17.3,17.3,16.5,16.45,17.1,17.0,17.0,17.0,17.0,16.85,17.0,17.45,17.35,17.35,17.2,17.2,17.2,16.1,17.15,17.15,16.4,16.7,16.7,16.7,17.3,17.0,17.0,17.0,16.85,16.25,16.3,17.4,16.25,17.0,17.3,17.2,17.2,16.3,15.8,15.8,15.2,15.2,15.2,14.25,14.25,14.25,15.2,16.25,17.2,18.35,18.5,18.5,18.45,17.2,18.4,18.45,18.65,18.65,18.65,18.65,18.8,18.8,18.8,19.0,19.0,19.0,19.0,19.0,19.0,19.0,18.6,18.6,18.9,18.7,18.7,18.7,18.7,18.7,18.7,18.7,18.7,18.7,18.9,19.0,19.1,19.1,19.1,17.8,16.6,16.6,16.6,16.6,16.1,16.1,17.2,18.35,18.35,19.3,17.95,17.95,16.7,15.85,16.0,16.0,16.0,15.05,16.1,17.1,16.75,16.85,17.95,18.75,17.95,18.25,17.6,16.4,16.1,17.1,17.9,17.9,19.15,18.4,17.3,16.8,16.3,17.25,18.15,17.4,17.4,16.55,16.7,17.0,17.0,17.0,16.2,17.2,17.2,16.6,16.25,17.3,17.3,17.2,17.2,16.2,16.8,16.8,16.05,17.0,16.1,16.1,16.1,16.1,16.1
YEG,46.8,46.4,46.4,46.7,46.0,46.1,46.0,46.1,46.3,44.8,45.0,43.5,42.6,41.35,41.8,44.7,46.2,43.5,40.5,42.3,40.65,38.7,40.1,39.6,39.9,39.1,39.6,39.0,40.3,40.5,40.95,40.75,40.2,40.0,39.7,39.8,40.8,40.6,40.0,39.6,39.6,40.8,39.8,40.2,40.0,40.0,39.8,39.8,39.7,40.0,39.2,39.7,39.05,39.3,37.7,38.4,38.85,39.0,39.15,39.05,38.0,36.35,35.85,33.9,31.55,29.35,27.3,25.4,23.65,22.0,20.5,21.9,23.4,25.0,26.75,24.9,23.2,24.0,22.9,23.45,22.9,22.5,21.8,22.45,22.45,22.25,22.05,22.2,21.9,20.4,20.4,21.8,21.4,20.6,21.45,20.85,20.8,20.35,20.15,20.1,20.65,20.75,21.5,22.7,22.1,21.4,21.8,21.5,21.4,21.45,21.35,21.15,21.2,21.35,21.15,21.0,21.0,20.85,20.7,20.45,20.6,20.4,20.15,19.4,18.6,18.5,17.9,16.65,16.3,16.05,16.2,16.3,15.8,15.9,16.35,16.35,16.1,16.2,15.8,15.05,15.4,15.4,15.2,15.15,15.2,16.25,17.35,18.55,18.7,17.4,16.8,16.45,16.7,15.95,15.8,15.5,14.9,15.9,15.9,15.25,15.2,15.1,15.3,15.65,15.6,15.75,15.2,15.35,15.3,15.45,15.3,15.25,15.35,15.3,15.6,15.65,15.35,16.15,16.6,16.1,15.3,15.15,15.2,15.25,15.15,15.2,15.25,15.4,15.2,15.35,15.4,15.3,15.25,15.3,15.35,15.25,15.4,15.35,15.25,15.25,16.3,16.7,16.1,16.15,16.15,16.1,16.85,16.0,16.2,16.65,16.8,16.8,16.9,18.05,18.2,18.5,17.5,18.5,19.1,18.3,17.35,17.35,17.95,17.55,16.9,17.2,17.0,16.9,17.15,17.1,16.8,16.8,16.7,16.65,17.4
YBM,7.0,7.0,6.74,6.8,6.52,6.59,6.99,6.55,6.6,6.7,6.69,6.69,6.61,7.07,7.49,7.85,7.32,6.81,6.34,6.44,5.99,5.99,6.0,6.08,5.93,5.8,6.2,6.15,6.1,6.1,6.1,6.2,6.15,6.19,6.19,6.19,6.1,6.1,6.2,6.4,6.79,6.84,6.61,6.7,6.72,7.0,7.49,8.0,7.85,7.7,7.71,7.51,7.4,7.38,7.3,7.79,7.7,7.6,7.69,7.69,8.15,8.09,8.1,8.1,8.09,8.08,8.08,8.09,8.1,7.8,7.7,7.7,7.64,7.65,7.35,7.0,7.3,7.39,7.1,6.97,6.92,6.8,6.9,6.85,6.84,6.83,7.19,7.21,7.49,7.76,7.5,7.44,7.27,7.3,7.2,6.99,7.4,7.28,7.28,7.0,7.03,7.02,7.1,7.0,6.98,7.0,7.0,7.0,7.02,7.09,7.07,7.18,7.16,7.17,7.18,7.13,7.19,7.2,7.13,7.19,7.2,7.2,7.19,7.1,7.0,7.2,7.1,6.61,6.66,7.07,7.06,7.05,6.57,6.6,6.8,6.72,6.71,6.75,6.81,6.84,6.84,6.6,6.7,6.81,6.75,6.75,6.85,6.86,6.88,6.88,7.19,7.2,7.3,7.38,7.3,7.09,6.7,6.69,7.06,7.05,6.76,6.82,7.1,7.1,7.38,7.78,7.4,7.3,7.11,7.38,7.39,7.9,8.45,9.04,9.4,9.0,9.0,9.4,8.97,8.89,8.27,8.2,8.19,8.5,8.32,8.3,8.29,8.26,8.2,8.27,8.38,8.35,8.39,8.39,8.45,8.82,8.92,8.89,8.88,8.77,8.8,8.8,8.75,9.05,9.07,9.4,9.44,9.2,9.2,9.2,9.37,9.29,9.94,10.6,11.3,11.6,10.85,11.0,11.1,11.4,10.65,10.6,10.5,10.45,9.72,9.86,10.55,10.4,10.45,9.72,9.35,9.39,9.5,9.5,9.5
VTO,8.55,8.65,8.59,8.7,8.7,8.66,8.75,9.2,9.84,10.5,10.45,9.72,9.59,9.7,9.7,9.67,9.2,9.15,8.51,8.88,8.28,8.47,8.47,8.6,8.5,8.52,8.59,8.9,8.89,8.95,8.92,8.96,8.8,8.8,8.8,9.0,9.04,9.0,8.99,8.99,9.55,9.6,9.4,9.5,9.57,9.49,9.38,9.43,9.43,9.4,9.45,9.4,9.21,9.15,9.1,9.4,9.35,9.3,9.37,9.38,9.35,9.3,9.4,9.35,9.74,9.6,9.6,9.43,9.2,9.05,9.2,9.0,9.0,9.1,8.97,8.81,9.0,9.0,8.74,8.94,8.74,8.73,8.72,8.7,8.69,8.63,8.7,8.6,8.79,8.9,8.85,8.8,8.97,9.09,9.05,8.9,8.99,9.18,9.18,9.35,9.47,9.5,9.95,9.53,9.55,9.0,9.0,9.0,8.95,8.8,8.75,8.85,8.86,8.89,9.28,9.92,10.6,11.3,10.55,10.1,9.72,10.4,10.0,9.5,9.2,9.2,9.1,8.75,9.03,9.21,9.22,9.07,8.6,8.99,8.98,8.98,8.77,8.61,8.68,8.75,8.94,9.24,9.06,9.2,9.13,9.19,9.18,9.56,9.57,10.2,10.35,10.3,10.5,10.05,9.99,10.15,9.83,9.59,9.5,9.49,10.15,10.8,10.85,10.55,10.85,11.6,11.25,10.9,11.2,11.4,11.5,11.0,11.35,11.2,11.95,12.75,13.5,13.6,12.9,12.35,12.35,12.7,12.5,12.45,12.45,13.3,12.9,13.2,13.55,13.45,13.2,13.3,13.2,13.55,13.15,12.9,12.8,13.35,13.7,14.3,13.8,14.0,14.05,14.0,13.65,13.4,13.4,12.9,13.0,13.0,12.95,13.1,13.6,13.5,13.25,13.35,13.9,13.85,13.6,12.85,12.0,12.4,12.4,12.3,12.25,12.0,12.1,12.15,12.05,11.8,11.1,11.85,11.7,12.4,12.35
VSI,17.25,17.1,17.2,17.45,17.2,17.6,17.15,18.1,18.4,18.5,18.6,17.3,17.7,17.7,17.9,18.2,17.1,17.1,16.0,17.0,17.6,17.6,17.65,17.65,17.75,17.75,18.3,18.3,18.45,18.55,18.5,18.35,19.45,18.1,17.15,17.2,17.25,18.45,17.45,18.55,18.05,18.15,17.9,18.5,18.3,18.15,18.15,18.35,19.0,18.2,18.5,18.5,18.0,18.95,18.9,19.0,18.35,18.9,18.25,18.9,18.25,18.5,18.6,18.6,18.3,18.3,18.9,19.0,19.5,19.0,19.0,19.0,19.1,18.9,20.0,19.4,19.4,19.4,19.3,20.0,20.0,19.4,19.4,19.0,20.2,21.0,22.0,22.9,24.0,22.5,21.0,21.0,21.0,19.7,20.0,19.55,19.55,19.7,19.7,19.7,20.0,21.4,21.5,21.5,21.4,21.0,20.5,19.7,19.0,18.3,18.0,19.0,18.7,18.3,18.05,18.05,18.2,18.25,18.4,18.8,18.8,18.8,18.75,18.7,18.7,18.0,17.3,17.1,17.1,17.1,17.1,17.1,17.1,17.1,18.25,19.4,19.4,19.4,19.4,18.9,18.6,18.6,18.6,18.6,18.6,19.4,18.45,19.35,20.7,21.8,21.8,20.3,21.5,21.0,21.0,21.0,21.0,21.0,21.0,22.45,23.0,23.5,25.0,26.0,26.0,24.2,22.55,23.0,23.0,21.8,21.55,21.55,20.15,21.55,22.0,20.65,20.65,22.0,22.0,22.0,22.0,22.0,22.0,20.55,20.55,19.5,19.5,19.5,19.5,19.5,19.8,21.15,20.45,20.45,20.45,20.45,21.5,21.2,21.6,21.6,21.55,22.4,22.4,22.4,22.6,22.6,23.0,23.0,23.0,23.5,23.0,23.5,23.5,24.0,24.0,23.5,22.9,22.0,23.5,25.1,26.0,25.65,24.1,25.75,27.0,26.6,26.2,26.0,26.0,25.0,25.0,25.9,26.0,26.2,26.2
VSH,18.85,18.85,18.8,18.6,18.65,18.6,18.5,18.5,18.45,18.55,18.55,18.0,17.85,18.3,18.1,19.35,19.0,18.1,17.0,17.5,17.5,17.65,17.9,17.95,18.05,17.7,17.8,18.0,18.0,18.0,18.0,18.0,17.9,17.8,17.7,17.8,17.8,17.7,17.7,17.7,17.8,18.0,18.1,19.1,19.1,19.1,18.8,18.9,18.8,18.8,18.9,18.75,18.75,18.75,18.5,18.65,18.85,18.9,18.8,18.95,18.6,18.95,19.15,19.2,19.35,19.55,19.4,19.4,19.1,18.9,19.2,19.2,19.1,19.1,19.1,19.25,19.25,19.4,20.0,19.9,20.0,19.7,19.7,19.3,19.3,19.25,19.7,19.7,19.55,19.5,19.45,19.4,19.5,19.5,19.6,19.85,19.85,20.0,20.0,20.0,20.1,20.05,19.9,19.9,19.9,20.0,20.05,20.6,20.6,20.8,20.8,21.6,21.2,21.6,21.6,21.4,21.55,21.7,21.85,22.0,21.8,21.8,21.5,20.1,20.5,20.8,20.8,19.65,20.95,21.0,21.0,20.9,20.25,21.0,20.4,20.5,20.6,20.9,20.9,20.75,20.8,21.3,21.7,21.7,21.4,21.7,21.95,23.2,24.8,24.8,25.0,24.65,25.4,27.15,29.05,28.5,26.55,26.6,27.1,27.7,27.5,28.1,28.0,27.6,29.5,29.0,27.65,27.7,28.2,28.3,28.0,27.65,27.7,27.75,28.2,28.0,27.65,27.6,28.1,28.0,27.2,27.3,27.3,27.7,27.6,29.5,30.4,30.7,30.15,29.65,30.5,29.85,29.3,29.5,30.65,30.15,30.05,29.7,29.5,30.0,30.1,29.9,30.2,32.1,31.9,30.8,29.9,29.4,29.9,29.8,30.0,30.2,29.9,30.0,29.95,29.95,30.1,30.2,29.9,29.5,28.7,29.0,29.0,29.15,28.85,28.6,28.6,28.6,28.7,28.55,27.8,27.9,28.4,28.2,28.5
VSC,56.4,56.4,57.0,56.6,58.2,60.6,64.8,66.5,65.9,64.0,62.0,57.8,57.5,60.4,59.9,59.2,58.0,57.3,54.5,58.3,60.5,59.6,59.5,59.5,60.0,59.9,60.4,62.0,61.9,61.0,60.8,60.5,60.4,60.3,60.9,62.9,62.0,61.4,61.0,60.0,60.3,59.9,60.4,59.1,59.0,58.7,59.0,58.8,58.9,58.0,58.0,57.7,56.7,56.7,55.6,55.9,54.3,54.1,55.6,54.8,52.4,53.0,51.5,51.2,49.1,47.6,49.4,52.8,52.2,50.4,50.0,49.95,48.5,49.5,48.7,49.9,50.0,49.5,48.0,48.3,48.05,47.7,47.1,48.0,47.6,47.65,49.5,51.0,50.8,51.4,51.0,52.4,51.7,52.6,51.5,51.6,50.7,51.7,51.1,51.8,53.0,53.4,53.5,53.5,53.6,53.7,56.8,59.5,59.0,58.0,58.0,59.0,59.1,58.7,59.1,60.0,59.5,60.6,60.7,60.0,59.6,60.0,59.0,59.1,59.2,59.1,59.3,58.1,60.6,59.8,60.2,64.4,65.0,63.9,64.0,65.5,64.2,65.0,64.4,64.5,64.8,67.4,68.3,69.0,68.0,67.2,66.3,68.0,69.0,72.2,72.4,71.5,72.0,70.0,65.2,65.0,65.5,64.6,62.9,64.9,66.2,66.5,67.5,67.0,66.9,67.5,65.6,64.4,63.8,68.2,72.0,68.5,68.0,68.0,68.0,67.0,65.5,65.8,63.6,63.8,61.6,60.7,58.8,61.0,59.8,59.5,59.4,59.4,61.2,62.5,61.9,61.0,61.0,60.5,60.6,64.8,64.0,67.7,68.3,68.9,67.5,71.0,71.1,71.1,70.5,71.5,71.5,72.0,71.0,72.5,44.1,46.3,45.25,46.0,44.8,44.4,44.0,43.8,45.1,44.0,44.6,44.2,44.5,45.7,45.3,44.9,44.75,44.8,44.9,43.8,42.55,43.3,43.25,43.25,43.0
VRE,31.65,33.3,33.2,33.9,35.5,37.15,36.7,36.2,36.6,36.7,37.35,37.3,36.8,36.6,36.9,37.8,37.0,34.45,32.05,32.05,30.0,31.95,33.1,32.6,32.7,30.9,31.55,33.75,34.85,34.5,34.15,34.4,33.7,33.75,33.2,34.25,34.7,35.5,34.55,34.55,34.45,34.1,34.15,34.35,34.65,34.45,34.8,34.85,35.0,34.0,34.6,34.15,33.4,32.85,32.2,33.05,32.6,32.7,33.85,33.85,34.5,35.0,35.4,35.3,35.0,35.3,35.3,35.0,34.0,33.95,33.95,34.6,32.2,32.8,31.15,30.6,31.5,32.0,31.3,31.6,31.2,31.0,31.75,31.0,31.2,30.9,30.65,30.7,30.0,29.35,29.5,30.35,30.85,31.2,31.25,30.75,30.55,29.4,30.7,30.1,30.5,32.2,33.35,31.65,31.7,30.8,31.5,31.95,32.85,32.8,32.85,32.5,31.8,31.5,31.5,32.0,31.6,31.8,31.7,31.75,31.8,31.7,29.5,29.5,30.9,29.9,28.0,27.0,27.85,28.25,28.0,27.7,26.8,26.7,27.4,28.2,27.0,26.75,27.65,27.2,27.35,27.65,27.5,28.3,27.9,27.95,27.95,28.6,28.35,28.0,28.0,28.0,28.5,28.05,27.8,27.95,27.05,26.05,26.15,26.3,26.45,26.8,27.2,27.3,27.9,28.1,27.2,27.1,27.45,28.0,27.9,28.3,28.55,30.0,29.2,29.3,28.4,28.45,28.9,28.5,28.25,28.5,28.3,29.1,28.2,28.25,28.45,29.4,29.3,29.15,30.45,30.8,30.4,30.7,30.5,30.8,30.3,30.95,30.6,30.65,30.4,30.6,31.2,31.0,31.2,31.15,30.85,31.7,31.55,31.2,30.85,30.4,30.9,30.3,30.1,30.2,30.05,30.45,31.1,30.5,29.9,30.15,31.1,30.85,30.4,30.15,29.8,29.7,29.65,28.1,28.0,29.95,30.1,30.45,30.35
VRC,10.2,9.98,9.8,9.9,9.8,9.99,9.95,9.95,9.76,9.8,10.45,11.0,10.9,11.4,12.15,12.3,11.45,10.65,9.91,9.39,8.74,8.5,8.8,8.75,8.9,9.51,10.1,10.15,9.85,9.94,9.9,9.81,9.45,9.06,8.9,9.52,9.8,9.89,9.45,9.55,9.69,9.67,9.75,10.4,10.7,10.8,10.7,10.6,10.55,10.3,10.8,11.0,10.35,10.4,10.25,10.3,10.65,10.8,11.3,11.2,11.05,11.25,11.3,10.9,11.1,11.4,10.95,11.0,10.7,10.3,10.2,10.0,9.35,9.7,9.05,8.9,8.85,8.9,8.61,8.89,8.9,8.7,8.39,8.37,8.55,8.31,8.3,8.2,7.9,7.65,7.21,7.71,8.24,8.39,8.1,8.0,7.91,7.8,7.76,7.76,8.19,8.1,8.2,7.96,8.1,8.0,8.0,8.0,8.37,8.52,8.39,8.69,8.95,8.7,8.46,8.2,8.2,8.03,8.12,8.12,8.12,8.02,7.79,7.7,7.5,7.46,7.05,6.58,6.9,6.85,6.88,6.88,6.48,6.6,6.6,6.95,6.78,6.9,6.97,6.89,6.97,7.0,7.11,6.94,6.87,6.99,7.47,7.99,7.74,7.64,7.78,7.5,7.84,7.6,7.59,7.6,7.6,7.5,7.4,7.24,7.22,7.39,7.48,7.57,7.99,8.2,7.84,7.75,7.79,8.15,8.72,8.76,9.0,9.06,9.03,9.66,10.3,10.5,9.78,9.2,8.89,9.49,10.0,10.45,10.15,10.2,10.4,10.85,10.45,11.0,11.75,12.55,13.4,14.3,13.85,14.2,15.15,15.7,15.7,16.75,17.9,19.15,20.1,18.7,19.5,19.25,20.5,19.1,19.5,19.6,19.1,19.2,20.5,21.9,23.0,22.9,22.7,21.3,21.0,21.0,20.5,19.35,18.1,18.1,18.0,18.2,17.6,17.5,18.1,18.3,19.55,20.85,21.45,21.7,21.0
VPS,14.0,13.5,14.1,15.05,16.1,17.2,16.0,15.0,15.45,14.6,14.5,13.65,13.1,14.0,14.25,14.25,13.3,12.45,13.3,14.2,15.15,16.2,17.3,16.1,15.0,16.05,15.5,16.0,14.9,14.55,14.8,14.6,14.4,14.0,13.9,13.9,14.0,14.1,14.45,14.0,14.0,13.9,14.2,14.2,14.0,14.05,14.2,14.0,14.0,14.0,13.9,14.0,14.2,14.2,15.15,14.5,14.5,14.1,15.0,14.95,14.2,14.85,14.6,14.6,14.5,14.65,14.5,14.55,14.4,14.1,14.25,14.4,14.15,14.2,15.15,16.2,15.9,16.4,17.5,16.8,17.2,18.0,19.0,17.7,16.6,15.5,16.1,16.05,16.35,16.0,16.0,15.7,15.75,15.8,15.85,16.5,16.25,16.35,16.4,16.0,16.05,16.0,16.0,15.6,16.0,15.6,16.05,16.5,16.2,16.2,16.0,16.2,15.6,15.8,15.6,15.5,15.4,15.45,15.45,15.4,15.3,15.3,15.3,15.8,15.2,15.35,15.35,15.35,15.3,15.0,14.2,14.2,15.15,16.2,16.2,16.1,15.4,14.95,15.0,15.0,14.4,15.0,14.9,14.6,14.5,14.9,14.7,15.0,15.45,15.35,15.45,15.3,15.4,15.4,15.35,15.35,15.1,14.8,15.0,15.0,15.0,16.05,16.95,16.8,15.85,16.05,15.75,15.75,15.55,15.4,15.75,15.3,15.85,15.35,15.4,15.55,15.3,15.65,15.6,15.25,15.5,15.5,15.35,15.35,15.15,15.2,15.05,15.5,15.5,15.4,15.15,15.5,15.5,15.5,15.4,14.8,15.8,16.0,15.3,15.4,15.8,15.6,15.8,15.7,15.35,15.5,15.9,15.35,15.75,15.75,15.8,15.8,15.85,15.8,15.9,17.0,17.0,16.5,16.1,15.85,15.9,15.8,15.95,15.9,15.75,15.75,16.25,16.3,17.0,16.5,15.75,16.0,15.95,16.25,15.55
VPI,33.6,33.6,33.7,33.65,33.45,33.45,33.7,33.7,36.05,37.3,37.25,36.3,35.0,36.8,37.0,38.05,37.5,35.95,33.45,34.3,33.75,34.5,35.6,35.6,35.05,33.5,34.1,34.95,35.25,35.0,35.3,34.7,34.5,34.3,34.2,35.05,35.1,35.15,34.3,35.0,35.0,37.0,36.8,36.4,35.45,34.5,35.3,36.5,36.8,35.9,35.5,34.9,34.7,35.0,35.1,35.4,36.0,36.2,37.2,37.05,36.8,36.05,35.95,36.3,36.6,36.9,37.0,36.9,36.0,35.9,36.9,36.8,35.2,36.2,36.3,36.35,36.4,36.35,36.0,36.0,35.0,34.6,34.55,34.2,34.0,34.0,34.0,33.9,34.4,34.7,34.6,34.3,34.35,34.0,34.0,34.0,34.05,33.9,33.65,34.0,34.05,34.05,33.9,33.95,33.9,33.95,33.95,34.35,34.8,35.7,35.7,35.55,35.7,35.45,35.2,35.2,35.05,35.1,35.7,35.75,35.8,35.35,35.4,35.15,35.0,35.05,34.75,34.6,35.0,35.5,35.2,35.15,34.7,34.45,34.6,36.0,35.95,36.5,36.0,35.7,36.5,39.05,39.25,39.9,40.0,40.5,40.4,41.1,41.25,41.0,41.5,42.0,41.85,41.15,41.4,42.0,41.7,41.5,41.8,42.0,41.5,41.7,42.05,42.0,41.8,42.2,40.5,41.8,42.05,42.3,41.0,39.7,40.55,40.2,41.5,40.5,41.0,41.7,41.75,41.95,41.95,42.5,42.0,42.5,42.8,42.9,43.3,43.45,43.45,43.5,43.7,43.9,43.0,44.3,44.4,44.45,44.0,43.0,42.9,43.1,43.2,43.15,43.8,44.7,44.6,43.2,45.1,44.2,47.25,49.9,50.2,52.0,52.0,48.6,50.5,50.5,49.0,50.6,52.0,53.0,52.0,52.7,52.3,52.0,51.8,52.1,53.5,53.6,54.0,53.4,52.0,54.0,54.2,54.3,54.5
VPH,5.34,5.29,5.26,5.24,5.3,5.55,5.56,5.34,5.37,5.51,5.68,5.5,5.33,5.55,5.45,5.47,5.38,5.02,4.67,4.7,4.44,4.68,5.0,5.19,5.5,5.12,5.24,5.55,5.27,5.22,5.22,5.16,5.15,5.16,5.16,5.17,5.17,5.25,5.11,5.46,5.84,5.8,5.66,5.65,5.6,5.88,5.78,5.8,5.7,5.65,5.62,5.52,5.78,5.88,5.6,5.75,5.63,5.67,5.68,5.94,5.96,6.15,6.36,6.36,6.35,6.79,6.55,6.78,6.6,6.2,6.45,6.21,5.8,6.15,5.93,5.73,5.9,5.84,5.46,5.55,5.41,5.15,5.15,5.18,5.26,5.41,5.4,5.31,5.33,5.2,5.2,5.3,5.35,5.31,5.28,5.1,5.06,5.01,5.08,5.09,5.27,5.27,5.3,5.3,5.3,5.29,5.3,5.25,5.27,5.28,5.42,5.43,5.5,5.49,5.43,5.39,5.27,5.44,5.4,5.77,6.17,5.99,5.58,5.25,5.5,5.52,5.32,4.97,5.13,5.09,5.13,5.05,4.8,4.94,4.94,5.0,5.0,5.0,5.13,5.13,5.08,5.07,5.13,5.21,5.2,5.39,5.34,5.48,5.38,5.33,5.4,5.36,5.42,5.6,5.75,5.76,5.42,5.26,5.24,5.29,5.34,5.32,5.36,5.44,5.68,5.82,5.66,6.05,6.47,6.92,7.4,7.91,7.8,7.67,7.45,7.76,7.5,8.02,8.58,7.98,7.43,7.43,7.6,7.4,7.25,6.75,6.89,6.43,6.69,6.79,7.0,7.26,7.6,7.88,8.33,8.72,9.3,8.97,8.7,8.89,8.29,8.25,8.4,8.3,8.2,8.77,9.36,8.71,8.58,8.62,8.72,8.5,8.97,9.38,9.37,10.0,10.65,10.5,11.2,11.6,10.8,10.7,11.0,11.5,11.15,11.5,11.5,11.4,11.25,10.5,9.94,10.15,10.05,10.2,10.15
VMD,21.7,22.1,22.05,22.1,22.25,22.25,22.25,22.25,22.25,22.0,22.0,22.0,21.3,21.4,21.4,21.95,21.0,21.0,20.0,21.3,21.3,21.1,21.45,20.4,21.8,21.8,21.8,22.0,21.9,21.9,22.0,22.2,22.2,22.3,22.5,22.9,22.9,23.0,23.0,23.0,24.45,24.1,24.5,25.0,25.0,25.0,24.5,24.5,24.5,24.5,25.5,25.6,24.3,23.8,22.6,22.9,23.6,22.55,23.85,23.85,22.5,22.0,22.0,23.0,23.0,23.0,23.0,23.0,23.0,21.6,22.9,23.1,23.1,22.9,22.9,23.8,23.5,23.5,22.95,22.35,22.4,22.4,22.9,23.45,23.45,24.8,24.0,24.95,24.0,24.6,24.95,24.8,25.1,25.1,25.1,25.9,26.8,26.8,25.2,26.0,27.8,29.7,31.75,33.95,36.3,36.0,33.5,29.3,28.1,30.05,31.4,29.3,28.35,27.8,27.8,27.05,26.55,27.5,27.9,27.0,27.9,27.2,26.6,26.3,26.0,26.95,25.3,24.0,23.55,23.85,23.85,23.75,25.4,27.15,27.9,25.95,25.6,25.0,24.7,24.8,24.8,25.0,24.8,24.8,25.0,25.35,24.7,26.4,28.2,30.15,32.25,34.5,36.9,39.45,42.2,45.0,48.15,51.5,55.1,58.9,63.0,67.4,72.1,77.1,82.4,76.7,71.4,66.5,61.9,57.6,61.6,65.9,68.0,63.3,58.9,59.1,57.0,53.4,49.7,46.3,49.5,48.95,46.55,47.6,46.7,44.0,41.5,42.8,42.45,41.45,40.1,39.0,40.7,40.6,40.7,39.9,39.8,39.45,39.2,38.2,38.2,39.15,40.05,39.7,39.7,39.3,37.6,35.4,37.85,40.45,43.25,46.25,43.05,40.05,42.85,43.25,41.6,39.85,39.9,38.5,37.0,39.55,40.1,40.0,38.8,41.5,42.85,41.7,40.2,39.0,37.9,39.0,38.3,38.55,38.7
VIP,8.34,8.9,8.84,8.75,9.2,9.78,9.87,9.52,9.37,10.0,10.7,9.96,9.83,10.5,11.2,11.45,10.65,9.91,9.22,8.97,8.35,8.1,8.5,8.55,8.8,8.19,8.5,9.09,9.45,9.3,9.3,9.45,9.22,9.21,9.28,9.73,9.58,9.7,9.6,9.58,9.6,10.25,10.5,10.25,10.15,10.45,10.35,10.25,9.95,10.1,10.4,10.2,9.9,9.8,9.42,9.46,9.5,9.59,9.9,9.96,9.8,9.64,9.55,9.65,10.1,10.15,9.86,9.86,9.68,9.48,9.33,9.19,8.94,8.95,8.5,8.49,8.47,8.49,8.18,8.51,8.59,8.45,8.38,8.45,8.45,8.45,8.4,8.37,8.25,8.18,8.0,7.77,7.98,8.25,8.13,8.0,7.98,7.82,8.1,8.47,8.66,8.65,8.83,8.5,8.5,8.38,8.4,8.35,8.44,8.43,8.95,9.02,8.86,8.92,8.89,9.3,9.7,9.7,9.03,8.7,8.69,8.92,8.69,8.4,8.2,8.14,7.9,7.38,7.52,7.83,7.96,7.92,7.56,7.85,7.87,8.0,8.15,8.1,7.99,8.0,7.52,7.52,7.42,7.42,7.41,7.66,7.74,8.24,8.37,8.69,8.3,8.28,8.23,8.15,8.13,8.29,8.29,8.0,7.99,7.91,8.18,8.22,8.34,8.2,8.3,8.88,8.9,8.76,9.0,9.63,10.3,10.0,10.7,11.4,12.15,12.0,12.8,12.75,11.9,11.4,10.8,11.4,11.45,11.5,11.1,11.85,11.85,11.65,12.0,12.0,11.8,12.1,12.5,13.35,13.15,12.75,12.7,13.55,13.55,14.15,13.6,13.15,13.1,13.2,13.0,12.6,12.5,11.9,11.75,12.2,12.05,12.1,12.55,12.5,12.45,12.3,12.8,12.6,12.6,12.0,11.2,11.6,11.25,11.35,11.2,10.95,11.1,11.15,11.25,10.9,10.4,10.85,10.85,10.9,11.65
NHH,58.4,58.0,59.8,62.7,63.4,64.0,64.5,68.5,67.3,65.5,67.3,68.0,67.7,66.1,67.4,67.0,66.0,64.0,60.0,64.0,63.8,67.0,70.5,72.0,73.4,73.5,78.6,84.1,82.4,77.5,77.1,72.0,75.0,73.0,69.0,72.6,72.3,72.4,67.4,69.4,69.9,69.9,67.5,69.5,68.9,67.9,66.0,67.0,67.5,67.0,64.5,63.0,61.5,64.2,65.0,64.2,62.0,63.0,65.0,65.5,65.3,63.4,63.0,63.0,63.1,63.0,63.0,61.5,62.5,61.5,61.9,61.0,59.0,60.2,59.5,61.0,61.9,63.0,63.4,65.4,65.0,63.4,63.2,63.3,63.1,61.8,61.5,62.4,62.0,58.0,59.6,61.5,61.7,60.8,59.3,58.2,57.8,58.5,58.6,59.0,61.6,61.2,59.5,56.5,59.0,60.7,60.5,58.7,60.4,61.5,64.0,62.7,62.2,59.4,57.1,57.3,58.0,57.0,56.5,56.9,56.5,56.1,55.5,56.0,55.7,54.0,53.5,49.8,50.3,50.5,51.4,51.0,47.5,49.4,50.8,51.8,49.9,48.0,45.4,43.5,45.05,44.9,43.9,41.95,41.95,41.8,42.3,42.0,42.1,41.9,41.5,42.0,42.7,42.1,41.0,39.7,39.5,39.2,37.0,34.75,37.15,39.2,39.25,40.95,40.65,40.7,39.3,38.2,38.9,39.2,37.9,37.4,37.0,37.0,37.0,37.2,36.9,37.0,39.55,39.8,37.8,37.6,36.75,37.3,37.5,37.6,37.45,38.0,38.0,38.0,37.9,37.1,37.25,37.25,38.5,39.0,38.3,37.8,37.8,38.15,38.5,38.5,38.75,41.45,42.55,42.3,42.1,40.0,39.8,41.3,41.35,40.65,43.45,45.0,44.8,45.5,44.6,44.5,45.6,43.65,40.65,41.5,42.2,41.8,40.9,40.2,40.5,40.0,40.0,37.6,35.5,37.0,37.0,37.8,38.0
LSS,8.05,8.61,9.21,9.7,9.35,10.0,10.1,9.91,9.81,10.45,11.15,10.9,10.7,11.4,11.7,11.5,11.15,10.4,9.68,10.0,9.3,8.65,9.25,9.57,10.2,10.8,11.05,11.8,12.2,12.0,11.2,11.95,12.05,11.9,11.75,12.55,13.4,14.0,13.05,13.1,12.9,13.2,13.15,12.9,13.75,14.3,14.05,13.8,13.8,13.55,13.8,13.55,13.0,13.05,12.7,13.1,12.85,12.95,13.0,13.0,12.85,12.85,13.1,13.4,13.4,13.0,12.6,12.6,12.55,12.15,12.9,12.7,12.1,12.3,11.5,11.2,11.9,11.8,11.45,11.7,11.65,11.4,11.0,11.75,12.35,12.0,11.6,11.2,11.3,10.85,10.1,10.4,10.3,10.2,9.95,9.54,9.79,9.6,9.48,9.65,10.3,10.2,9.93,10.0,10.1,10.3,10.6,10.45,10.4,11.1,11.85,12.65,12.15,12.3,11.6,11.25,11.25,11.6,11.4,11.15,11.65,11.65,11.4,10.65,10.3,10.2,9.85,9.18,9.79,9.5,9.8,9.74,9.06,9.25,9.39,9.8,9.5,9.4,9.6,9.52,9.49,9.62,10.25,10.0,10.0,10.0,10.2,10.5,10.4,11.1,11.6,11.35,12.1,12.25,12.2,13.05,13.25,13.5,12.6,12.35,13.2,13.5,13.55,14.3,14.5,14.65,13.85,13.8,14.35,14.0,13.45,13.7,14.0,14.05,14.65,14.85,15.0,16.05,15.4,14.9,14.15,14.6,14.6,14.6,15.3,15.3,15.3,15.3,15.85,15.5,15.6,15.2,15.15,15.4,15.15,14.65,14.8,14.7,14.65,14.5,14.4,15.2,15.1,15.5,15.3,15.05,15.2,16.25,16.2,16.85,17.75,17.2,17.45,16.85,17.1,17.9,17.3,17.15,17.95,18.9,17.6,17.8,17.6,17.6,17.3,16.35,16.55,16.75,16.9,16.0,14.9,15.2,15.05,15.5,15.2
L10,18.3,18.3,17.1,17.1,17.1,17.1,18.25,19.45,19.45,19.45,20.05,20.05,19.0,17.7,16.6,17.0,17.0,17.0,16.0,16.0,16.0,17.1,17.1,17.1,18.2,17.0,17.0,17.0,18.15,18.15,17.0,17.0,17.0,17.0,17.0,17.0,16.05,16.05,16.05,16.05,16.05,16.05,17.15,17.15,18.0,18.0,18.5,18.5,18.5,18.5,18.5,18.5,19.75,19.75,19.75,19.75,19.75,19.75,19.75,19.75,19.75,19.75,19.75,19.75,19.75,19.75,19.75,19.75,18.5,18.5,18.5,17.55,17.55,17.55,17.55,17.55,17.55,17.55,17.55,17.55,17.55,17.55,17.55,16.4,16.4,15.5,16.55,15.65,15.65,16.7,15.65,16.7,15.65,15.05,15.05,15.05,16.1,17.2,17.2,18.4,17.4,18.5,18.5,18.5,18.5,19.5,19.5,19.5,19.5,19.5,19.5,19.0,17.9,17.9,17.9,17.9,17.9,17.0,17.0,16.0,15.5,16.1,16.8,17.1,17.1,16.0,15.05,16.0,16.0,15.15,15.1,15.1,15.2,15.05,16.0,15.25,15.25,14.45,15.4,16.45,16.95,17.9,16.65,15.6,15.4,14.95,15.1,16.05,17.1,16.0,15.35,16.4,16.4,15.35,15.35,15.25,15.25,15.25,15.25,14.7,15.7,15.7,15.7,15.35,15.9,16.3,16.3,17.4,17.4,16.5,16.5,16.5,16.5,16.5,17.65,17.65,17.0,18.15,19.4,19.4,19.4,19.4,19.4,19.4,19.4,19.4,19.4,19.4,19.4,19.4,20.0,20.0,21.0,21.0,22.45,23.0,23.3,24.9,25.2,25.9,24.1,23.5,23.5,24.3,25.2,23.45,23.45,23.45,23.45,23.45,25.05,26.8,25.0,26.7,24.85,26.55,26.55,28.3,28.3,30.0,30.0,27.95,27.95,27.95,29.8,29.8,29.8,29.8,29.8,29.8,29.8,29.8,29.8,28.0,28.0
C47,11.4,10.6,10.7,10.4,10.4,11.1,11.85,11.8,11.35,11.7,11.6,11.3,11.4,11.5,11.35,11.3,11.2,11.2,10.45,10.5,10.5,10.35,10.4,10.5,10.45,10.0,10.3,10.95,10.65,11.0,11.75,11.7,11.6,11.5,12.3,13.15,13.85,13.4,12.9,13.65,13.55,13.0,13.6,13.4,13.65,13.35,13.2,12.95,13.65,13.55,13.5,13.2,12.95,13.0,12.35,12.8,12.8,12.65,12.8,12.9,12.75,13.05,13.3,13.15,13.15,14.05,13.8,13.8,13.6,13.3,12.9,12.8,12.0,12.5,12.1,12.3,12.4,12.4,12.0,12.5,12.6,12.6,12.35,12.45,12.45,12.2,11.95,12.0,11.5,11.2,10.7,11.3,11.5,11.5,11.3,11.2,11.25,11.2,10.95,11.35,11.45,11.6,11.5,11.4,11.2,11.2,11.25,11.25,11.5,11.75,11.6,11.7,11.8,11.9,11.8,11.6,11.6,11.45,11.25,11.4,11.3,11.2,11.0,10.85,10.75,10.55,10.6,10.2,10.4,10.35,10.7,10.7,10.3,10.45,10.45,10.5,10.5,10.55,10.5,10.45,10.45,10.5,10.45,11.0,10.85,11.0,10.9,11.5,11.65,11.5,11.6,11.75,12.55,12.8,12.85,12.9,12.2,12.1,12.15,12.4,12.2,12.35,12.85,12.9,11.95,12.25,11.95,11.5,11.7,11.8,12.0,12.1,12.35,12.25,12.3,12.4,13.25,13.4,13.0,12.35,12.4,12.55,13.4,13.15,12.9,13.0,13.2,13.2,13.0,13.1,13.15,12.9,12.8,12.85,13.1,12.85,12.65,12.5,12.65,13.0,13.55,13.75,14.35,14.35,14.3,14.95,15.95,15.7,16.45,17.2,16.7,16.9,18.05,18.6,19.0,18.65,18.65,18.65,19.0,18.6,17.7,18.3,18.35,18.7,19.9,21.25,21.4,21.2,22.65,23.3,23.5,23.3,23.45,24.0,24.1
LCM,1.0,1.02,1.02,1.0,950.0,1.01,1.08,1.15,1.23,1.31,1.4,1.49,1.45,1.48,1.48,1.58,1.48,1.38,1.29,1.2,1.12,1.12,1.19,1.27,1.35,1.43,1.5,1.59,1.58,1.5,1.52,1.51,1.49,1.39,1.44,1.37,1.37,1.37,1.37,1.37,1.46,1.55,1.57,1.5,1.56,1.66,1.76,1.76,1.75,1.63,1.64,1.6,1.6,1.63,1.54,1.64,1.75,1.87,1.87,2.0,1.9,2.03,2.17,2.32,2.48,2.65,2.83,3.02,3.23,3.44,3.2,2.98,2.78,2.59,2.41,2.57,2.74,2.88,2.68,2.6,2.57,2.4,2.56,2.56,2.53,2.47,2.54,2.59,2.66,2.6,2.5,2.49,2.45,2.43,2.32,2.25,2.25,2.28,2.28,2.35,2.51,2.68,2.63,2.52,2.63,2.58,2.57,2.5,2.5,2.66,2.63,2.63,2.63,2.69,2.6,2.58,2.58,2.55,2.52,2.54,2.48,2.46,2.45,2.3,2.32,2.4,2.39,2.23,2.25,2.2,2.34,2.33,2.17,2.28,2.43,2.55,2.67,2.65,2.47,2.5,2.46,2.44,2.3,2.38,2.36,2.36,2.36,2.36,2.27,2.31,2.35,2.3,2.31,2.33,2.32,2.28,2.29,2.21,2.2,2.24,2.12,2.12,2.19,2.23,2.38,2.54,2.5,2.35,2.51,2.68,2.86,3.06,3.27,3.05,3.26,3.48,3.72,3.98,3.71,3.46,3.22,3.05,3.13,3.15,3.02,3.05,3.11,3.19,3.32,3.25,3.12,3.18,3.06,3.11,3.21,3.33,3.47,3.7,3.9,3.82,3.6,3.76,3.93,3.9,3.93,4.2,4.35,4.05,4.17,4.2,4.28,4.19,4.2,4.22,4.5,4.81,5.14,5.49,5.87,5.62,5.23,4.98,5.1,5.45,5.45,5.3,5.1,5.13,5.38,5.4,5.1,5.2,5.5,5.35,5.2
CRE,28.1,28.9,28.5,28.3,28.5,28.6,28.4,28.3,27.5,27.2,26.7,25.8,24.5,24.8,25.4,25.45,24.85,24.5,22.8,23.5,23.0,23.9,23.8,23.8,23.7,23.0,23.5,24.0,24.1,24.5,24.05,23.8,23.9,24.0,23.9,24.1,24.3,24.85,24.2,24.5,25.0,25.3,26.3,27.1,27.0,26.95,27.2,28.5,28.25,29.1,29.7,29.3,29.5,30.4,31.5,30.7,31.4,31.8,31.75,32.0,31.4,30.15,29.5,29.8,31.8,32.0,31.55,32.5,33.1,33.0,34.25,34.6,33.95,34.7,34.4,35.2,37.65,39.55,39.5,39.4,41.6,41.95,41.5,41.4,42.8,42.3,41.6,41.5,41.6,41.35,41.55,42.7,43.2,42.4,41.6,41.2,41.3,41.5,41.55,41.55,43.0,45.2,44.7,43.0,43.5,44.0,44.5,45.3,45.6,44.7,43.7,44.1,43.6,44.2,44.3,44.25,44.6,44.75,44.35,44.3,45.55,46.8,46.6,44.6,44.0,44.0,43.8,43.0,43.0,42.35,42.0,43.5,42.5,44.55,44.7,47.8,47.9,48.9,48.55,49.5,50.5,50.4,49.8,51.3,52.5,52.7,52.0,52.5,52.8,52.1,51.9,51.0,51.5,51.7,54.5,53.5,51.3,51.2,51.5,52.0,51.6,53.0,55.3,56.8,56.1,56.2,54.7,54.7,55.3,55.5,55.8,34.05,33.5,32.1,32.1,31.75,30.75,31.2,31.1,31.7,30.55,30.95,30.75,30.9,30.9,30.8,29.9,28.75,29.1,29.0,28.85,28.7,28.7,28.75,30.0,29.5,29.0,28.65,29.2,30.4,30.5,30.35,30.65,30.85,30.7,32.1,31.8,29.9,29.9,29.35,29.7,29.35,29.6,30.8,30.4,30.2,29.6,31.05,30.95,29.9,28.2,28.3,28.4,29.85,29.8,31.85,32.55,32.6,34.55,36.0,37.5,37.0,35.95,37.45,38.35
CTI,16.0,16.2,15.9,15.9,16.2,16.2,16.5,16.4,16.4,16.15,16.1,15.9,15.75,16.05,16.1,16.0,15.5,15.1,14.05,14.2,13.55,13.9,14.3,14.6,14.7,14.55,14.6,14.9,14.7,14.5,14.9,15.5,15.4,15.4,15.0,14.95,15.15,15.25,14.8,15.0,16.05,16.05,17.15,17.1,16.8,17.95,18.1,17.95,17.75,18.95,19.5,18.5,18.5,18.4,18.4,19.0,19.0,19.0,18.55,18.0,18.0,18.3,18.4,18.4,18.35,18.1,17.0,18.15,17.65,17.1,17.15,16.7,15.8,15.7,16.15,16.0,16.0,16.0,16.6,16.65,16.35,16.1,15.8,15.85,16.15,15.8,15.6,15.25,15.0,14.45,13.95,14.0,14.95,15.05,14.5,14.4,14.7,14.8,14.6,14.5,15.5,15.4,15.0,14.85,15.0,14.7,14.85,14.95,15.1,16.1,16.35,16.15,16.2,16.4,16.3,15.7,15.65,15.65,15.55,15.4,15.4,15.1,14.8,14.55,14.5,14.95,14.6,14.0,14.5,14.4,14.4,14.2,13.5,14.2,14.0,14.0,14.1,14.15,14.2,14.1,14.1,14.2,14.3,14.4,14.35,14.35,14.5,15.5,15.55,15.65,16.4,16.2,16.35,16.55,16.1,16.25,15.3,14.9,14.8,14.9,15.3,15.9,16.1,15.9,16.75,17.8,17.2,17.4,17.6,17.45,16.9,17.1,17.65,17.7,16.4,16.0,15.65,16.1,15.8,15.6,15.0,15.25,15.85,15.9,15.6,15.8,16.25,16.6,17.05,16.55,16.5,16.5,16.5,16.8,16.6,16.2,16.4,16.9,16.9,18.05,18.25,18.1,18.3,19.15,19.0,19.0,19.0,17.7,18.0,18.0,18.35,19.3,19.3,20.65,21.6,22.3,21.7,21.25,22.6,22.9,21.3,21.3,21.25,21.7,21.6,23.1,23.65,23.35,23.3,21.8,20.4,21.05,20.8,21.2,22.65
EVE,12.4,13.25,13.35,12.9,13.75,14.65,14.7,14.75,15.0,14.9,15.35,14.3,13.9,14.5,14.35,14.2,13.5,13.2,12.3,13.0,12.9,13.05,13.05,13.0,13.35,12.7,12.95,13.4,13.4,13.4,13.4,13.6,13.5,13.5,13.45,13.15,13.2,13.1,13.0,13.2,14.1,14.3,14.2,13.85,13.8,14.0,13.6,13.8,13.8,14.35,14.7,15.7,16.0,16.0,15.1,16.15,17.25,17.4,16.8,16.8,17.3,16.5,16.8,16.7,16.3,16.5,16.25,16.9,16.4,16.0,15.8,16.0,15.6,15.5,14.65,14.85,15.75,16.35,15.35,15.5,15.35,15.0,14.35,14.5,14.95,15.0,15.1,14.95,14.7,14.85,14.75,14.75,14.5,14.1,13.6,13.4,13.8,13.7,13.2,13.8,14.5,14.55,14.3,13.9,14.0,14.0,14.0,14.05,14.0,14.05,14.0,14.0,13.9,14.0,13.9,13.75,13.8,13.6,14.0,14.0,13.9,13.7,13.6,13.3,13.3,13.5,13.3,12.65,12.6,13.0,13.2,13.35,12.9,12.8,12.7,12.8,12.6,12.75,12.7,12.8,12.5,13.1,13.2,13.05,13.05,13.05,13.0,13.1,13.5,13.8,13.65,13.65,13.6,14.55,15.3,15.9,14.9,14.4,14.05,15.0,15.05,15.25,15.3,15.3,15.3,15.3,14.95,14.85,14.9,14.95,14.9,14.8,15.8,16.9,17.6,17.6,17.4,17.8,19.0,19.0,18.0,17.9,18.0,17.9,17.5,17.7,17.7,17.8,17.9,17.9,17.85,18.2,18.25,18.3,18.5,18.55,18.3,17.9,18.8,18.8,18.75,18.7,19.75,19.5,19.65,19.3,19.65,20.0,20.7,20.7,20.2,19.9,19.65,19.7,19.8,19.4,19.5,19.2,19.6,18.95,17.65,18.2,18.3,18.3,17.9,17.95,18.3,18.2,18.3,18.0,17.1,17.3,17.35,17.25,17.3
HII,18.6,18.15,18.7,19.8,19.6,19.2,19.95,21.0,20.8,20.3,20.5,21.1,20.9,21.3,21.4,21.1,21.2,20.9,19.45,20.5,20.1,21.2,22.65,22.95,23.3,23.35,23.75,23.45,22.9,22.3,22.2,21.35,20.3,21.0,21.55,21.85,21.55,21.75,21.2,21.05,20.8,20.8,22.25,22.6,22.25,22.8,22.6,22.4,22.75,22.0,21.8,21.45,20.7,20.95,20.4,21.8,21.9,21.55,21.35,21.2,20.8,21.2,21.6,21.45,21.35,20.9,20.75,21.55,21.65,21.1,20.8,21.5,22.0,22.6,23.2,22.95,24.0,23.0,22.8,21.95,21.8,22.55,22.4,22.55,23.3,22.9,21.9,21.2,21.3,20.5,19.8,20.2,20.25,20.6,20.3,20.05,20.4,20.1,19.8,20.0,20.3,20.25,20.15,19.95,19.75,20.05,20.05,20.05,20.0,20.5,21.75,21.45,21.4,21.8,22.25,21.7,21.8,21.6,22.2,21.7,21.7,20.9,20.8,19.7,19.8,19.0,18.45,17.75,17.8,17.3,17.85,17.8,17.1,17.25,17.3,17.75,15.9,15.8,15.55,15.2,15.3,15.3,15.6,15.85,15.75,15.7,15.8,16.0,16.15,16.3,16.25,16.05,16.1,16.4,16.35,16.3,15.8,15.5,15.25,15.5,15.5,15.75,16.4,17.2,17.35,17.5,16.75,17.05,17.2,17.2,17.05,16.7,16.9,16.9,18.05,18.4,18.0,18.3,18.3,18.0,17.2,17.6,17.7,17.85,17.6,17.4,17.7,18.35,19.0,18.5,18.25,18.1,18.2,18.45,18.35,18.05,17.9,18.05,17.95,18.15,18.55,18.4,18.8,20.1,21.5,20.95,21.25,20.0,20.1,20.4,20.45,20.45,21.4,22.35,21.9,21.6,21.3,21.5,21.6,21.4,19.95,20.3,20.9,20.75,20.2,19.85,20.1,20.1,20.5,19.4,18.5,18.6,18.55,18.95,19.1
MSN,88.9,89.3,88.3,92.0,93.1,94.1,94.0,93.3,92.3,93.0,95.1,90.9,90.9,91.5,93.3,97.0,95.5,91.7,85.3,85.5,82.0,84.0,88.9,89.5,89.6,85.6,88.7,92.0,95.1,94.9,94.6,92.7,91.0,89.6,90.3,91.3,90.9,90.5,88.4,89.2,87.4,86.7,87.0,87.3,87.3,88.5,88.0,88.0,89.7,88.7,88.1,86.5,85.1,86.0,85.9,86.1,88.5,92.5,92.3,92.7,93.0,91.9,93.8,93.0,92.1,91.9,94.2,100.7,100.0,100.1,107.1,105.5,98.2,100.0,95.0,98.0,99.0,98.0,95.9,96.0,95.6,95.0,101.6,101.5,104.0,103.0,108.1,104.2,105.1,108.0,113.6,111.9,112.0,113.6,113.6,110.0,112.5,110.1,107.0,105.7,105.0,107.3,104.5,104.0,104.5,103.1,106.0,106.9,106.5,104.2,103.0,106.5,108.7,108.5,106.8,106.5,106.4,108.9,108.5,111.4,113.5,113.9,111.6,109.0,116.0,119.8,116.9,119.9,115.0,116.2,115.0,120.5,119.4,123.0,122.0,122.9,119.0,121.1,125.5,124.5,127.7,134.0,136.2,137.8,136.0,135.0,134.5,141.0,138.5,136.6,134.0,133.5,133.5,132.5,134.5,136.3,133.8,127.0,128.5,135.0,134.0,135.9,132.6,135.0,133.3,131.1,129.8,128.0,131.0,130.0,130.6,135.5,144.9,149.8,146.0,143.0,143.5,147.0,145.0,142.4,135.0,136.0,141.0,142.6,140.0,141.2,141.2,142.2,141.7,145.5,147.0,145.5,143.1,142.1,141.0,143.0,141.0,143.1,140.2,140.1,140.4,139.6,146.8,151.7,150.9,145.5,145.5,145.5,147.9,147.8,152.0,147.8,147.7,146.9,149.6,154.0,152.0,150.5,148.0,147.4,149.9,156.5,157.0,157.5,157.5,152.5,149.2,149.9,152.0,151.0,151.0,151.9,151.1,154.0,153.7
NAV,18.8,19.0,20.3,20.3,20.5,20.5,20.4,19.5,19.3,19.8,19.8,19.5,18.15,18.5,17.3,18.5,19.25,19.3,20.65,22.05,23.55,23.55,23.55,23.55,21.95,21.95,21.95,21.9,21.9,20.5,20.1,20.1,19.0,19.0,19.0,20.0,20.0,20.2,20.2,20.2,20.2,20.2,20.2,20.2,20.2,21.15,21.1,21.1,21.1,21.1,20.5,20.5,20.0,20.0,20.0,20.8,20.8,20.8,19.35,19.35,19.35,19.35,19.35,19.4,19.55,20.0,21.0,21.25,21.25,21.15,20.7,20.55,20.55,19.35,19.35,19.35,19.3,19.3,18.0,19.0,19.0,19.0,18.0,18.2,18.75,18.75,17.85,18.0,18.0,17.3,18.25,18.0,18.0,19.25,19.3,18.5,18.0,17.25,17.6,17.8,17.55,17.55,18.75,20.0,20.0,18.8,18.8,18.0,19.25,18.3,18.3,18.6,18.6,18.6,18.65,18.65,18.0,18.0,19.0,18.2,18.4,19.5,19.5,19.25,18.0,19.0,19.0,17.8,17.75,17.75,17.75,17.05,17.05,17.05,17.1,17.1,17.1,17.1,17.1,17.05,17.05,18.0,18.0,18.0,18.05,18.1,18.8,18.95,20.1,20.05,19.4,18.5,19.0,18.05,18.05,18.15,18.15,18.15,18.8,18.7,18.7,18.7,18.6,18.7,18.6,19.4,19.0,18.95,18.9,18.45,18.45,18.45,18.45,18.0,17.8,18.0,18.95,18.8,19.0,18.95,18.95,18.9,18.5,18.5,17.55,17.55,17.8,18.8,18.8,18.75,17.85,18.0,18.0,18.8,18.4,18.9,18.2,18.25,18.0,18.5,18.1,18.1,18.75,18.5,18.6,19.15,19.1,19.1,20.4,20.0,21.4,22.85,24.4,26.1,27.9,29.85,31.9,34.1,36.4,33.9,33.0,30.7,28.6,26.6,24.75,26.45,26.2,24.4,22.75,22.0,21.0,22.45,23.0,24.6,26.3
COM,47.0,47.0,43.9,44.2,46.8,46.8,45.9,45.5,45.5,45.5,46.4,46.0,46.0,46.5,43.8,46.3,46.25,44.05,44.05,44.05,41.15,44.0,44.0,40.95,43.8,43.6,46.5,46.5,46.5,46.5,44.0,44.0,44.0,46.45,45.95,46.5,46.5,46.5,46.5,46.5,46.5,44.1,44.1,44.1,45.0,45.0,45.0,46.5,46.5,46.5,46.5,46.5,46.5,46.5,46.5,46.5,46.5,46.5,46.5,46.5,46.0,46.0,46.0,46.0,46.0,44.1,44.1,47.1,44.0,44.0,44.0,44.0,44.0,44.0,44.0,41.05,43.9,43.9,43.1,43.1,43.1,43.0,43.0,43.0,43.0,43.0,43.0,43.0,40.15,40.15,40.15,40.15,42.95,45.95,42.75,45.7,45.7,46.0,46.0,46.0,46.0,46.0,42.85,42.85,42.85,42.85,45.8,45.8,45.8,45.8,45.8,45.8,42.6,42.6,45.45,45.45,45.45,42.85,42.85,42.1,42.1,42.1,42.15,40.05,40.05,40.05,42.5,42.5,44.35,41.35,41.35,43.0,43.0,43.0,40.0,42.75,42.75,45.3,45.3,45.3,45.3,42.25,42.25,44.95,48.0,45.0,42.0,42.0,40.85,40.85,40.85,41.6,41.6,41.65,44.5,44.5,44.5,41.6,41.6,41.6,41.6,41.6,43.45,43.5,43.5,45.0,45.0,45.0,44.0,44.0,44.0,44.0,44.0,44.0,41.5,44.0,44.0,44.0,44.0,44.0,44.0,44.0,44.0,44.0,40.95,43.8,44.0,43.35,41.7,44.0,43.95,46.0,47.95,44.6,44.6,44.6,44.55,44.55,44.55,44.55,44.55,44.55,44.45,44.0,43.0,43.0,43.1,43.1,43.1,43.1,42.35,45.0,45.0,44.95,44.95,44.95,44.95,44.75,42.2,41.7,41.7,43.4,43.4,40.75,40.75,40.75,42.95,44.45,41.8,41.8,41.8,42.0,42.0,40.2,40.35
LPB,12.65,13.5,14.0,13.9,14.05,13.9,13.7,13.9,14.4,14.95,14.75,13.8,13.8,14.2,14.35,14.3,13.85,13.5,12.6,12.65,12.0,12.4,13.25,13.35,14.0,14.15,14.7,14.85,14.65,14.7,14.7,14.6,14.3,14.6,14.7,15.7,16.1,15.95,15.5,15.75,15.7,15.7,15.95,16.05,16.5,16.35,16.15,16.25,16.3,16.3,16.3,16.25,16.0,15.95,15.75,16.4,17.3,17.35,17.4,17.6,17.65,17.45,17.45,17.5,18.15,18.85,18.4,18.45,18.55,18.95,19.4,19.85,18.8,20.1,20.7,20.55,20.45,21.5,21.5,21.3,20.8,21.6,21.8,21.65,22.2,22.9,23.35,22.8,23.0,23.55,23.5,23.5,23.4,23.9,25.4,26.2,28.0,29.95,29.6,31.65,33.85,33.4,31.4,29.25,31.25,31.2,31.25,30.7,29.0,28.0,29.5,29.6,28.8,29.4,28.8,29.45,29.5,30.15,30.5,29.95,29.9,29.8,30.1,28.0,29.95,29.9,28.9,28.0,27.5,27.1,27.7,27.45,25.55,25.6,23.4,23.5,23.6,22.9,23.45,23.5,24.0,25.5,25.0,25.05,25.15,26.0,25.65,25.65,25.6,25.2,24.75,25.0,25.2,26.2,25.9,25.5,24.0,22.6,23.05,23.25,22.75,21.8,23.3,23.05,22.75,22.85,23.1,23.3,23.3,23.1,22.6,22.05,22.1,22.1,22.4,23.45,22.85,22.6,22.4,22.45,22.05,22.1,21.7,21.65,20.9,20.55,21.0,21.2,21.0,21.0,21.75,21.75,21.8,21.65,22.0,21.6,21.3,21.15,21.0,20.85,20.65,20.8,21.0,21.1,20.8,21.15,21.4,22.85,23.0,23.05,23.4,23.5,23.1,22.45,22.9,22.8,23.1,23.0,22.6,22.7,23.45,23.05,24.5,24.45,23.9,23.05,22.4,22.75,22.4,21.55,20.3,20.95,21.15,21.2,21.35
VTB,11.4,11.4,11.45,11.25,11.6,12.4,12.6,12.5,12.35,12.35,13.2,12.9,13.0,13.0,13.4,14.1,13.5,13.5,12.6,13.0,12.65,12.1,12.4,12.35,12.2,11.5,11.9,12.0,12.1,12.1,11.8,12.0,11.8,12.0,11.85,11.9,11.9,12.0,11.9,11.9,12.05,12.15,13.0,12.8,12.7,12.45,12.5,12.8,12.8,12.75,12.7,12.75,12.65,12.75,12.4,12.65,12.95,12.95,12.9,12.95,13.05,12.95,13.1,13.0,12.85,12.9,12.95,12.8,12.55,12.5,12.8,12.75,12.25,12.7,12.2,12.65,12.7,12.65,12.75,12.25,13.0,12.7,12.15,12.3,12.35,12.2,12.2,12.5,12.1,12.15,12.2,12.15,12.0,12.4,12.1,12.0,11.9,11.9,11.85,11.85,11.85,12.0,11.9,12.6,12.45,12.15,12.3,12.2,12.1,12.1,12.05,12.3,12.3,12.3,12.0,12.15,12.3,12.3,12.0,12.25,12.2,12.0,12.0,12.0,11.5,11.55,11.55,10.8,10.85,11.2,11.25,10.85,10.5,10.35,10.6,11.2,11.2,11.2,11.4,11.3,11.3,11.4,11.4,11.45,11.4,11.5,11.35,11.6,11.7,11.8,11.8,11.9,12.1,12.25,12.3,12.4,12.3,12.35,12.3,12.5,11.3,11.4,11.4,11.3,11.4,11.95,12.35,12.3,12.3,12.3,12.35,12.3,12.4,12.3,12.35,12.4,12.3,12.0,12.35,12.3,12.0,12.25,12.0,12.0,12.15,11.9,12.0,12.15,12.15,12.1,12.3,11.95,12.0,11.9,11.95,11.9,11.85,11.75,11.75,11.9,12.3,11.9,12.0,11.85,12.1,12.2,12.15,12.4,12.45,12.4,12.4,12.4,12.4,12.4,12.5,12.8,12.9,12.9,12.85,12.7,12.75,12.75,12.9,12.55,12.6,12.85,12.5,12.6,12.5,12.5,12.2,12.2,12.2,12.35,12.2
PGD,28.6,28.4,28.5,28.9,29.5,29.5,28.8,28.85,30.6,32.7,34.95,32.6,32.0,33.0,32.1,32.5,32.0,30.8,28.65,28.7,28.0,29.95,31.6,30.0,30.0,29.9,30.5,32.0,30.65,31.0,30.0,30.0,30.5,30.5,31.0,30.8,30.5,30.5,30.5,30.5,31.85,31.9,30.8,31.0,30.8,30.8,30.8,31.0,30.6,30.6,30.6,30.6,30.1,30.1,30.1,30.1,30.2,30.5,30.5,30.8,30.65,29.5,30.6,30.5,30.6,30.4,30.4,29.9,29.75,29.75,29.75,29.6,28.55,28.6,29.55,29.55,29.0,29.5,29.0,28.8,28.75,28.75,28.0,28.0,28.5,27.9,28.0,28.0,27.55,27.55,27.9,28.0,28.95,29.65,28.0,28.2,28.05,29.3,29.3,29.4,29.4,29.6,29.8,28.45,29.75,29.75,29.05,29.0,29.0,29.7,29.0,29.4,30.0,30.2,29.6,29.5,29.5,28.7,28.7,29.0,29.0,28.5,28.0,29.1,31.0,32.4,32.9,30.6,28.7,28.0,28.2,28.6,28.2,29.5,29.5,28.5,29.0,29.0,29.0,28.8,28.0,28.8,28.7,28.65,28.4,28.4,29.8,29.75,30.2,30.4,29.2,30.0,30.0,30.4,30.4,30.95,29.9,31.5,30.5,31.5,32.2,32.65,34.0,33.85,30.2,29.3,30.6,29.2,29.5,31.0,31.15,31.15,30.6,32.7,32.1,32.0,32.0,34.2,36.55,39.05,38.8,41.5,43.0,43.0,41.15,42.75,41.95,40.5,37.7,38.2,37.05,35.8,35.8,36.6,36.7,38.0,37.9,37.6,36.1,36.15,36.55,37.0,37.1,37.0,36.7,36.3,35.75,35.8,36.3,36.4,36.4,36.0,37.2,36.95,36.0,35.8,35.5,35.65,35.5,34.4,32.5,33.4,34.5,33.9,34.0,33.9,33.65,33.5,32.75,32.8,32.7,32.5,33.3,33.5,33.5
